"то ",38626
" на",34264
"на ",30854
" и ",28265
"те ",27652
"ите",23674
"та ",20001
" пр",19044
"да ",18988
" да",17551
" за",16827
" по",16460
" се",16121
"а с",15894
"ата",15796
" от",15635
"а, ",15134
" не",14643
" си",14267
" ко",14131
"е с",14017
"а н",13675
", к",13139
"се ",12949
" ка",12556
"ото",11774
"е, ",11347
" в ",11302
"и, ",11192
"от ",10892
"ще ",10667
"ва ",10429
"ето",10067
"е н",10014
" из",9969
" ще",9965
"е п",9926
"ха ",9779
"под",9678
"за ",9635
"не ",9534
"спо",9419
"а д",9339
"ато",9191
"о с",9078
"и с",9046
"а п",8963
", и",8809
"а в",8644
" до",8380
"осп",8048
" Го",8015
"е и",7944
"кат",7933
"а и",7915
"ия ",7881
"е в",7738
"Гос",7659
"и н",7545
"ове",7418
"ете",7325
"и п",7236
"пре",7035
"о н",6961
" го",6919
"ени",6891
"ава",6830
" съ",6714
"о, ",6700
" вс",6605
"и д",6541
" им",6535
" е ",6507
"си ",6505
"ста",6480
"при",6451
" ст",6386
"ова",6374
" то",6276
"и в",6162
"е о",6144
"ят ",6138
"ога",6070
" с ",6054
"ни ",6005
"а м",5869
"ост",5753
" ви",5741
"ка ",5654
" въ",5606
"ито",5593
"ред",5555
"ат ",5524
"а т",5419
"е д",5399
"о п",5329
" И ",5175
" му",5165
"ави",5130
"и и",5130
"ри ",5123
"де ",5106
"пра",5024
"ли ",4999
"я, ",4966
"а о",4966
"о и",4961
"го ",4956
"нит",4949
"но ",4937
" ти",4820
"ече",4766
"ви ",4763
" ме",4734
"оит",4695
" сл",4648
"е м",4647
"каз",4627
" та",4616
"про",4582
"ше ",4581
"щот",4554
"ащо",4531
"и о",4511
"ичк",4509
"сич",4504
"ния",4498
"рав",4453
"вър",4451
"ият",4445
"вет",4434
"о в",4430
"те,",4363
"ват",4343
"ина",4342
", н",4325
"че ",4288
"а з",4282
" те",4280
"ед ",4279
"ой ",4267
" бе",4232
"вси",4229
"ти ",4222
"сти",4178
"нат",4173
"кои",4101
"а г",4089
" ми",4078
"кой",4066
"аха",4055
"тов",4049
" Бо",4031
"сто",4010
"ана",4008
"ойт",3978
"ята",3966
"йто",3917
"ние",3913
"ово",3900
"ест",3861
"ода",3859
"цит",3834
"раз",3803
"ма ",3796
"гов",3795
"и т",3788
" ра",3783
"е б",3772
" ни",3706
", з",3702
"му ",3702
" ре",3660
"оди",3647
"кит",3619
"а к",3615
"цар",3582
" св",3547
"е т",3530
"а б",3515
"ств",3515
"е з",3505
"чки",3505
"его",3479
", И",3476
"та,",3457
"о д",3454
" ца",3428
", с",3412
"зем",3383
"од ",3383
"ко ",3377
"и к",3346
"гат",3325
"есе",3307
" де",3287
"тан",3280
"то,",3279
"ови",3275
"зва",3255
"; и",3240
"ен ",3225
"ели",3201
"тво",3187
"ани",3184
"оти",3180
"рат",3165
"ди ",3150
" че",3142
"рад",3126
", п",3124
"им ",3121
"ебе",3095
"Бог",3093
"азв",3087
", т",3072
"ме ",3053
"вор",3043
"ори",3030
"и з",3018
"вид",2979
"ден",2979
"син",2977
"о т",2944
" са",2922
"са ",2922
"дет",2917
"еше",2910
"о м",2881
"зра",2874
" мо",2870
"или",2870
" зе",2862
"све",2856
"реч",2850
" об",2810
" гр",2794
"иха",2792
"аил",2786
"ниц",2771
"ака",2746
"вот",2745
"ги ",2743
"раи",2741
"т с",2738
"о о",2735
"т, ",2725
"а; ",2724
" Си",2718
"мен",2714
"ие ",2687
"тел",2685
"емя",2682
" ос",2681
" но",2676
"т н",2666
"слу",2659
"как",2658
"и м",2642
"аде",2637
"пос",2633
" бъ",2625
"е г",2625
"ъм ",2610
" тя",2604
"нег",2598
"бъд",2584
"ена",2572
"ки ",2570
"вия",2568
"ене",2555
"о б",2550
"ког",2549
"ист",2536
"пор",2532
"ми ",2521
"ици",2518
"ам ",2506
"дат",2505
"а Г",2504
"еме",2502
"ва,",2495
"ин ",2490
"о е",2489
"аза",2473
"дин",2468
"има",2442
" ед",2439
" ги",2421
"едн",2420
", д",2417
"аше",2408
"вит",2407
" пъ",2399
" ня",2395
"оре",2393
"нас",2389
"пов",2385
"ът ",2379
" пл",2376
"ако",2374
"тив",2361
"н, ",2353
"защ",2353
"али",2352
"яха",2351
"дни",2349
"бе ",2327
"ник",2320
"еди",2316
"лен",2313
"род",2307
" ве",2304
"стр",2295
"е к",2295
"нап",2289
"а: ",2268
"ека",2265
"ия,",2257
"гав",2250
"иет",2245
" жи",2245
"Защ",2244
"я д",2237
"м, ",2233
" къ",2233
"до ",2222
"т в",2219
", ч",2206
"и г",2206
"нов",2200
" ли",2199
" Из",2197
"же ",2192
"ого",2188
" па",2166
", в",2158
"ети",2152
"гра",2147
"бра",2130
"ски",2122
"и; ",2121
"чов",2116
"юде",2108
" лю",2103
"лед",2096
"ува",2090
"си,",2089
"сет",2086
" чо",2083
"еви",2079
" ду",2069
" тр",2066
"зна",2054
"оет",2045
"ане",2040
"ил ",2036
"вен",2035
"ъде",2032
"яма",2031
"дес",2029
"т п",2026
"я с",2018
" Да",2016
"рот",2003
"ез ",1990
"оят",1984
"ет ",1976
"е: ",1972
"лат",1971
"Изр",1971
"е; ",1964
"и щ",1964
"тях",1962
"аря",1959
"ваш",1949
"ска",1948
"дов",1936
"о з",1920
" мъ",1905
" же",1902
"въз",1898
" сп",1895
" бл",1894
" бя",1883
"и б",1880
"ино",1874
"тия",1862
"о к",1857
"той",1857
"еде",1855
"над",1854
"два",1851
"дом",1843
"жив",1842
" ва",1841
"иде",1840
" Не",1839
"а р",1836
"т и",1835
"а С",1832
"апр",1827
"сле",1825
"во ",1824
" он",1823
"вед",1813
"лит",1811
"ара",1810
"е р",1809
"рем",1808
"люд",1802
"ран",1800
", а",1795
"оха",1793
" За",1791
"аве",1788
" а ",1784
"ини",1778
"они",1771
"ърв",1766
"на,",1755
"рез",1740
"по ",1739
" дъ",1736
"и р",1734
"век",1732
"т д",1728
"бях",1726
"аго",1725
"тав",1723
" дв",1721
"дна",1714
"ора",1713
"га ",1712
"ява",1709
"а М",1709
" во",1707
"ика",1707
"Тог",1707
"ойд",1707
"а е",1705
"тат",1697
"мят",1690
"е е",1690
"бла",1689
"осл",1687
"ада",1682
"ван",1681
"е у",1674
", о",1655
"ари",1653
"одн",1647
"кое",1644
" ръ",1631
"ади",1629
"беш",1626
"лов",1625
"тра",1623
" Ко",1622
"нос",1618
"що ",1618
"дад",1614
"лаг",1614
" др",1614
" кр",1612
"дой",1612
"ежд",1610
"е щ",1609
" гл",1600
"вам",1597
" Ис",1597
"оне",1589
"изв",1587
"жен",1584
"а И",1574
"ням",1573
"кол",1572
"мно",1569
"о щ",1567
"ив ",1564
"т т",1553
" тъ",1551
"аме",1550
"й, ",1544
"лни",1542
"ате",1541
"нах",1535
"аро",1533
"ра ",1528
"вай",1528
"зап",1525
"дел",1522
" То",1522
" би",1516
"акт",1508
"нет",1499
"цет",1499
"ива",1498
"лав",1498
"оже",1496
"да,",1495
"Но ",1486
"рин",1481
"оле",1480
"пок",1477
"тре",1474
"рит",1473
"към",1473
"гла",1472
"ла ",1469
"а л",1463
"оло",1461
"нар",1460
"все",1459
"аст",1448
" Мо",1446
"о г",1440
"год",1436
"сре",1429
"И т",1426
"обр",1421
"ожи",1420
"кто",1409
"в с",1406
"а щ",1406
"еда",1406
"дно",1396
"лев",1394
"а ч",1389
"так",1388
"ни,",1387
"че:",1387
"дох",1387
"жда",1384
"т м",1383
"оя ",1381
"я н",1378
" Ио",1378
"ъка",1377
"око",1368
"ду ",1367
"уша",1364
"сло",1362
"и е",1361
"доб",1358
"ърш",1357
"без",1350
"яни",1349
"пет",1346
", К",1339
"зак",1334
"изп",1332
"ог ",1328
" ба",1328
"ар ",1326
" вр",1324
"тин",1320
"ета",1319
"ях ",1316
"ърн",1313
"иле",1308
"тва",1306
"пол",1304
"ило",1303
"уса",1303
"ама",1298
"име",1289
"лез",1289
"еки",1284
"яко",1283
"нес",1283
" пе",1281
"сед",1278
" мн",1277
"оро",1277
"И к",1276
"та.",1275
"веч",1270
"те.",1268
"рис",1268
"иля",1266
"ела",1264
"ати",1264
"ло ",1263
"теб",1259
"жду",1255
"акв",1252
"реб",1252
"очи",1248
" бо",1248
" Са",1247
"сус",1246
"Ису",1244
"ири",1241
"кия",1240
"бащ",1239
"уст",1237
"изл",1234
" Аз",1234
"тър",1234
"ято",1233
"Кой",1233
"адо",1232
" ро",1231
"вас",1229
"т о",1226
" ак",1225
"а ж",1223
"меж",1223
" см",1222
"вещ",1218
"рък",1217
"она",1215
"коя",1211
"л, ",1210
" чу",1208
" Ти",1207
"йте",1204
"вах",1203
"ад ",1201
"ъв ",1199
"ила",1197
"е л",1197
"зе ",1193
" зл",1191
"и ч",1190
"езе",1188
"ков",1187
"съм",1186
" бр",1185
"ено",1184
"в п",1183
"ря ",1182
"Аз ",1180
"нот",1177
"шат",1175
"рес",1175
"м с",1174
"ци ",1168
"път",1168
"еш ",1164
"луг",1164
"ока",1163
"оля",1162
"вес",1162
"чет",1159
"рия",1158
"я и",1156
"а у",1155
"Дав",1155
"еже",1154
"лот",1150
"мъж",1149
"кон",1149
"дру",1147
"нал",1146
"рек",1146
"авя",1146
"ома",1144
"сла",1140
"пле",1139
"тта",1136
", щ",1135
" Му",1135
"сил",1130
"оли",1128
"ица",1126
"ери",1126
" ма",1125
"руг",1125
"еха",1125
"щен",1123
"я п",1120
" ум",1117
"тит",1114
"у, ",1112
"сър",1111
"ем ",1110
"и: ",1108
"ак ",1108
"пла",1106
"Той",1106
"сал",1103
"не,",1102
" Ме",1100
" тв",1098
"апо",1098
"ст ",1098
"вал",1096
"е ч",1095
"ира",1090
"лас",1088
" Ми",1087
"ног",1086
" Ер",1085
"иво",1084
"три",1083
"нам",1082
"сте",1080
"х, ",1080
"ха,",1076
"д н",1075
" вл",1074
"иш ",1072
"чен",1071
"ота",1070
"мес",1070
"взе",1068
"ай ",1068
"в н",1067
"с, ",1067
"оби",1063
"исе",1063
"неж",1061
"а ц",1059
"уги",1058
"айк",1057
" ск",1057
"йде",1056
"аси",1053
"ие,",1047
" зн",1046
"гна",1044
"еле",1043
"рос",1040
"о Г",1037
"ти,",1035
"рят",1034
"със",1034
"еще",1034
"ве ",1033
"гне",1033
" що",1031
"стъ",1030
"Бож",1029
"сек",1029
"съб",1022
"аре",1021
"пот",1021
"т з",1017
"ка,",1017
"вие",1017
"пом",1013
"о; ",1012
"ща ",1010
"; н",1004
"овя",1004
"тоя",1004
"лим",1001
" вз",999
"им,",998
"си.",997
"т к",996
"; з",994
" ср",991
"тар",990
"и л",989
"ала",986
"ега",986
"съд",984
"игн",983
". И",980
"пър",980
"лад",979
"уми",979
"мат",978
"тя ",976
"д, ",973
"Мои",972
", е",970
"мин",970
"ци,",968
"ал ",968
"идя",966
"тот",965
"там",958
"оис",957
"Ще ",955
"ърх",954
"ас ",953
"дум",952
", А",952
"с н",951
"гол",948
"идо",946
"дав",945
"ърц",943
" дн",942
"тор",941
"кри",940
" ча",940
"гор",939
"амо",938
"т г",937
"мер",936
"ров",934
"рна",934
"дит",931
"ъже",931
"ълн",930
"чко",930
"у с",930
"рам",929
"н н",929
"гос",928
"изг",928
"бро",926
"вод",925
"еми",925
"лон",925
"чит",923
" Ка",923
"воя",920
"го,",920
"мет",919
"е М",918
" На",918
"мир",918
"вре",917
"зве",917
"к, ",917
"във",916
"изб",915
"зав",914
"д т",911
"а А",909
"рен",908
"вил",908
"ита",908
"би ",907
"вра",903
"ине",903
"диг",901
"дар",900
"нек",897
"чис",895
"щат",893
"луш",890
"кът",889
" ус",888
"дър",887
"Так",885
"айт",884
" ил",883
"иви",880
" Юд",880
"отв",877
"ами",877
"сам",872
"йки",871
"ащи",871
"рет",870
"тни",869
"още",868
"ази",868
"н о",868
"Ти ",867
"чре",867
"зат",866
" пи",865
"кръ",864
"в в",863
"в т",862
"омо",861
", б",860
"гре",860
"м п",859
"иве",855
"й с",855
"рху",855
"ху ",855
"няк",855
" аз",854
" чр",854
"душ",853
"Не ",853
" Ав",853
"ъст",851
"аш ",851
"изр",850
"раб",850
"рих",850
"пус",848
"ая ",848
"маш",847
"Нег",845
" ле",844
": Н",843
"лем",841
"о р",840
"тъп",838
"рус",836
"неп",833
"о ч",832
"нач",831
"р, ",831
"И в",831
"аз ",830
"оно",829
"ре ",828
"аща",826
"И н",824
"аши",820
"ида",819
"рил",818
"и у",818
"оде",817
"му,",815
"м д",815
"пъл",814
"пас",813
"их ",813
"ало",812
"сяк",812
"; а",812
"адн",812
" ет",811
"рши",811
"он ",809
"; И",808
"гот",807
"я в",804
"яда",804
"с в",804
"тид",804
"лиц",803
"ход",803
"цат",803
"щит",803
"тян",801
"тен",799
"рце",798
"лко",797
"кво",797
"стт",797
"Ето",795
"м и",793
"вин",793
" я ",792
" Та",792
"мци",791
"вер",790
"ртв",790
"арс",788
"с с",785
"те;",782
"ин,",782
"ача",781
"бит",781
"реш",781
"Си ",781
"пад",780
"вел",779
"кор",777
" Ма",777
"роч",777
", Н",775
" оп",772
"тир",771
"ъс ",771
"ди,",770
"м н",769
"кра",768
"епр",768
"жи ",767
"поз",766
" А ",761
"ат,",761
"И с",760
"а Е",760
"неб",758
"еко",757
"нае",756
"т Б",756
"м в",753
"лет",752
"н и",751
"е Г",751
"тъй",751
"с т",751
"в д",750
"лия",748
"еща",748
"гле",747
"гип",747
"рок",746
"о у",746
"мни",745
"сел",745
"чес",745
"оче",745
"ича",744
"вик",744
"вят",744
"ля ",743
"каж",743
"пог",740
" оч",739
"лан",738
"ан ",738
"бил",737
"дем",737
"тви",737
"Му ",737
"мил",736
"я з",734
"га,",734
"вяд",733
"уга",733
"яст",732
"вся",732
"в Е",731
"рве",731
"вяр",731
"ърт",730
"ръс",730
"рех",729
"пон",729
"лиз",729
"в о",729
"ъда",727
" мя",725
"ки:",725
"та;",724
"зпр",724
"ки,",722
", м",722
"ано",722
"зле",721
"ла,",720
"мол",718
"Еру",718
"аса",717
"а я",717
"аже",717
"дне",716
"на.",714
" ту",714
"ъща",714
"твъ",713
"нож",713
"и ц",713
"по-",712
" ид",712
" Ва",712
"е ж",711
"т; ",710
"цел",710
"в к",709
"дал",707
"уби",707
"и И",707
"асл",707
"нят",706
"й н",705
"есн",704
" хв",701
"мор",701
"бот",700
"атя",700
"И п",699
" ощ",697
"мър",697
"нещ",696
"цял",695
"я; ",695
"лож",695
"и ж",694
"где",694
"ляз",694
", г",693
"бли",693
"осв",692
"ища",692
"вни",692
"бър",692
"а х",691
"д с",690
"нин",688
"я Б",688
" ис",687
"еля",686
"рор",686
" ця",682
" ог",682
"неч",682
"з с",682
"луж",681
" - ",681
"ши ",681
"рни",681
"зар",681
"но,",680
" По",680
"ах ",679
"кох",679
"чал",678
"мо ",678
"ити",678
"е С",678
"ква",677
"вол",677
", Г",676
"ца ",675
"зли",675
"сем",674
"нен",673
"нци",673
"ас,",672
"сег",672
"але",672
"жит",672
"пит",671
"сни",670
"за:",669
"а. ",669
"озн",669
"иса",669
"вув",668
"вих",667
"рах",666
"ейс",666
"йск",666
"бав",666
"мяс",665
"ъще",665
"тву",665
"ен,",663
"ема",662
"дан",662
"отг",662
"я о",661
"мож",661
" Те",661
"лтя",661
"я м",660
"ва.",659
"ус ",659
"тил",658
" От",658
"илт",658
" яд",657
"н д",657
"тго",656
"Да ",655
"ико",654
", Т",654
" ок",654
"зло",653
"е х",652
"одо",649
"реп",648
"рва",648
"ипе",648
"паз",647
"ли,",647
", З",647
"ам,",646
"обл",644
"ърд",644
"отк",644
"сир",641
"хте",641
"рон",640
"нав",639
"с п",639
"а Т",639
"д в",637
"Зат",637
"кот",636
"пис",636
"тро",635
"ел ",635
"хил",635
"оря",634
"огъ",634
"н с",633
"еса",633
"да.",632
"изт",632
"ня ",630
"и А",630
"аче",630
"оси",630
"кам",629
"хме",629
"мон",628
" хи",627
"отн",626
"сво",626
"иск",626
"лям",625
"ят,",624
"том",622
"ои ",621
"зас",620
"еци",620
" уб",619
"е я",618
"еве",618
": Т",617
"рид",617
"рие",617
" Се",617
"ма,",616
"аво",616
"иза",615
"лос",615
"ек ",614
"т л",613
" Ще",613
"зди",612
"олк",612
"г, ",611
"яло",611
", С",610
"дос",610
" чи",608
"ме,",608
"вец",608
"вис",608
"звъ",608
"еца",608
" вя",607
"в р",607
"щер",606
"й и",605
"люб",605
" Но",603
"о М",603
"дст",603
"а Б",602
"ляд",602
"го.",600
"уши",599
"хра",597
"И щ",597
"ей ",597
"хва",596
"сно",595
"ях,",594
"ерт",593
"лом",593
"вле",590
"нск",589
"мов",589
"лин",588
"оня",586
"т Г",586
"ха:",586
"нея",585
"кле",585
"д к",584
"и Г",584
"къщ",582
"то.",581
"Ако",581
"с м",581
"енн",579
"нев",579
"я ц",578
"вя ",577
"шия",576
"деш",575
"чи ",575
"За ",575
"мит",574
"с к",574
"алн",574
"опр",573
"и х",573
"дол",572
" це",572
"ве,",569
"вое",569
"ни.",568
"вар",568
"ище",568
"ир ",567
"вои",567
"л с",567
"рво",566
"о а",566
"сви",566
" Ег",566
"н в",564
"або",564
"у н",563
" ут",562
"опи",562
"сна",561
"Тво",560
"ице",559
"; т",559
"тят",559
"ми,",558
"ътя",558
"у д",558
"зи ",556
"Хри",556
" Хр",555
"ея ",554
"лак",554
"ил,",554
"рев",553
"Еги",551
" уч",551
"си;",549
"о л",547
"азп",547
"во,",546
"ее,",546
"Мен",545
"тог",545
"мал",544
" хо",544
"бог",543
"две",542
"рещ",542
"умр",541
"у в",541
"дях",541
"сей",541
"наш",541
"жат",539
"яде",539
"л н",539
"яте",538
"из ",537
"ръц",537
"дъщ",536
"н п",535
"ева",535
"ърл",533
"себ",532
"ик ",531
"рим",531
"изо",530
"т б",529
"ере",528
"риб",528
"наг",528
" хл",528
"Ког",528
"зан",527
" Тв",527
"иня",527
" пу",526
"оду",526
"ра,",526
"дей",525
" уп",525
"тая",525
"вее",524
"й д",524
"м; ",523
"о ж",522
"док",522
"зла",520
"авд",519
"ася",519
"т р",518
"им.",518
"йст",518
"И д",517
"изд",516
"ом ",516
"не.",516
"ъзд",515
"кло",515
"о ц",515
"ъди",513
"уче",513
"д п",512
" Ет",512
"сен",512
"кре",511
"в, ",511
"вла",510
"ог,",510
"жия",509
"ор ",509
"исо",509
": К",508
"ви,",508
"няв",507
"й щ",507
"ръв",507
"ш, ",506
" Ни",505
"лят",504
" гд",504
" хр",503
"Как",503
"пак",502
"зба",501
"иро",500
"кар",500
"икъ",500
"рив",499
" кл",499
" Пр",499
"атъ",499
"сан",499
"у к",498
"окл",497
"тур",497
"гън",497
"нем",497
"лич",497
"ов ",496
"бре",496
"ъй,",495
"чее",495
"ие.",494
"бе,",494
"дон",492
"исл",492
"вда",492
"жер",491
"чин",490
"поч",489
"А т",489
"я к",488
"он,",488
"де,",487
"е И",487
"зда",486
"Ми ",486
"виш",485
"уха",484
"и. ",483
"ид ",483
"зах",483
"и а",483
"Го ",483
"сея",482
"нни",481
"лив",481
"д И",481
"од,",480
"илн",479
"т ц",478
"изм",477
" лъ",477
"мия",476
"вад",476
" й ",476
"А к",475
" Ел",475
"ри,",474
"ъзл",474
"ъце",472
"йци",472
" ов",472
"едс",472
"ози",472
"и М",471
"з щ",470
"я г",470
"в Г",470
" Ве",469
"яка",468
"Юдо",468
": Д",467
"а Д",467
"същ",467
"е ц",466
"рув",466
"ът,",466
"час",466
"осе",463
", р",463
"ърж",463
"у т",463
"омц",463
"пло",462
", -",461
"о Т",461
"тве",461
"; З",461
"й п",460
"рск",459
"зго",459
"етс",458
"асе",457
"ха.",457
"яди",457
"зум",457
"е. ",456
"хвъ",456
"д и",456
"ст,",456
"лис",454
"тск",453
"веш",453
"зпъ",453
"у и",453
"тол",453
"иев",453
"ня,",452
"ига",452
"в г",452
"ец ",452
"ожа",451
"яла",451
"акъ",450
"язо",450
": Е",449
"рст",449
"жа ",448
"мас",448
"ечи",446
"нец",445
"с о",445
"ък ",444
"ело",444
"сли",444
"шен",444
"леч",443
"у п",443
"д Г",443
"ноз",442
"лта",442
" Ие",442
"тък",441
" Со",441
"ажа",441
"едо",441
"От ",440
"сме",440
"; Н",440
"тно",439
"ко,",439
"ума",439
"и С",438
" Га",438
"дре",437
": С",437
"Яко",437
"амъ",436
"к н",436
" Як",436
"лищ",436
"о С",435
"нно",435
"азн",435
"шни",434
"ерн",432
"И о",432
" гн",432
"окр",431
"дя ",431
"гар",431
"бес",430
"виж",430
"вой",430
"озе",430
"ърс",430
"ат.",429
"м к",429
"я т",429
"с и",428
"сит",428
"шит",427
"стн",426
"Сам",426
"ея,",425
"в з",425
"опа",425
"ка.",424
": П",424
"дам",423
"тря",423
"м о",423
"н; ",421
"й о",420
"еов",419
"дра",419
"бет",417
"рас",417
"тие",417
"кла",417
"ещо",417
"а а",416
"тръ",416
"зет",415
"т е",415
". Т",414
"ле ",414
"гит",414
"жет",414
" ло",413
"еня",412
"дъл",412
"Иео",412
"ъбр",411
"имо",411
"зпо",411
"се,",410
"м з",410
"лно",409
"ебр",409
"да;",409
"с д",409
"зви",409
"Сау",409
"аул",409
"ная",408
"ца,",408
"тим",408
"иди",407
": И",407
"мра",407
"ера",407
"мот",406
"м т",406
"еря",406
"сат",406
"йдо",405
"лиж",405
"д м",404
"май",404
"ля,",404
"тих",404
"чер",403
"обе",403
"в м",402
"съг",402
"дир",402
": А",402
"При",402
"дух",402
"мах",401
"ужд",400
"зтр",400
"у р",399
"Син",399
" , ",398
"мис",398
" Ам",398
"рои",397
"ези",397
"роб",397
"рта",396
"объ",396
"ча ",396
" Ас",395
"съв",395
"зля",395
"Те ",395
"ешк",394
"чат",393
", Д",393
"лих",393
"ва:",393
"мъд",393
"на;",392
"ляб",392
"зох",392
"рян",392
"й е",391
"ой,",390
"ън ",390
"т х",390
"Пон",389
" Фа",389
"Иос",389
"Иоа",389
": В",388
"рях",388
"лод",387
"че,",387
"ия.",386
"чад",386
"ти.",385
"хля",385
"з н",385
"оба",385
"жес",384
"л в",384
"лст",384
"вав",383
"рви",382
"бва",382
"ох ",382
"ъщи",382
"сеи",382
"ури",382
"нищ",382
"И р",381
"рне",381
"мя,",380
"ло,",380
". А",380
" ла",380
"ро ",379
"Сил",379
"х с",378
"бов",378
"му.",377
"й в",377
"изк",377
"ъдр",377
"т ч",376
"бих",376
"тде",376
"дят",376
"умн",375
"бие",374
"диш",374
"зза",374
"а В",373
"я ч",372
"ее ",372
"мам",372
"еиз",372
"езз",372
", П",372
"бен",372
"х в",371
"те:",371
"скр",370
", В",370
"апи",370
" ша",369
"Кат",369
"х и",369
"орт",369
"ойн",368
"ша ",368
", Е",368
"жни",368
"е Т",367
"нан",367
"же,",367
"шес",366
"ачи",366
"ях.",366
"нак",366
"л и",365
"елн",365
"чни",365
"вим",363
"хов",363
"шки",363
"рий",363
"Или",363
"нощ",362
"лът",362
" ол",362
"х н",362
"дро",362
"т И",361
" ше",360
"пръ",360
"ар,",360
"овц",360
"й м",360
"я б",359
"тст",359
"вци",359
"д о",358
"сец",358
"олт",358
"бер",357
"жел",357
"оме",357
" Аа",357
"о х",356
"ан,",356
"уго",356
"ско",355
"и я",355
"Аар",355
"ъгр",354
"ужи",354
"ом,",354
"и Б",353
" До",353
"щет",353
"раж",352
"м р",352
"зга",352
"енц",352
"рич",352
"егл",351
"рей",351
"вос",351
"ичи",351
"а Н",350
"спа",350
"то;",350
"аам",350
"учи",350
"Юда",350
" ди",349
"сок",349
"лик",349
"огл",348
"оав",348
"оен",347
"отс",347
"Си,",347
" Ви",346
", М",346
" Ах",345
"алк",344
"На ",344
"о А",344
"есо",344
" ез",344
"Иса",344
"з п",343
"смъ",343
"мск",342
" ку",342
"тиг",342
"куп",342
"и Т",341
"рли",341
"ва;",340
"ш в",340
"вът",340
" яв",339
"бач",338
"рай",338
"аон",338
"бле",337
"ярв",337
"зи,",337
"авл",336
"оса",335
"мог",335
"зае",335
"ару",335
"ърз",335
"ос ",333
"тру",333
"ага",333
"з д",333
"лес",333
"ни;",332
" Ду",331
"не;",331
"Фар",331
"а! ",330
" Вс",330
"вср",329
"отд",329
"о И",329
"елс",329
"л о",328
"са,",328
"о Б",327
"ълб",327
"едв",327
"зал",327
"бяг",327
"зни",327
"? И",327
"к и",326
"пи ",326
"ищо",326
": Г",325
"Сол",325
"орд",324
"у о",322
"ижд",322
"мре",321
"л п",321
"ъй ",321
"вта",321
"е А",321
"м б",321
"ляв",320
"Авр",320
"сра",319
"ре,",319
" Ил",319
"азу",319
"жав",318
"Тов",318
"йка",318
" Ра",318
"Нит",318
"еят",317
"рде",317
"х д",317
"з в",317
"чна",317
"гел",317
"рог",317
"ъти",317
" юд",317
"яви",316
"ш н",316
"ейц",315
"лна",315
"мей",315
"ви.",314
"апа",314
" ан",314
"осъ",314
"сми",314
"мя ",313
"ек,",313
"иго",313
"ш с",313
"; Т",313
"л д",312
"неш",312
"р и",312
"нге",312
"риш",311
"най",310
"дил",310
"жеш",310
"усн",309
"скъ",309
"ола",308
"и? ",308
"здр",307
"е Б",307
"етн",307
"анг",307
"ухо",307
"авн",306
", Б",306
"упо",306
"Теб",306
"ире",306
"сят",306
"азб",305
"ъзк",305
"Дух",304
"м м",304
"еби",304
"ром",304
"аля",303
"у б",303
"а? ",303
"ря,",303
"кан",303
"очн",302
"отъ",302
" ук",302
"т С",301
"ъзв",301
"ках",301
"ок ",300
"зме",300
"ежа",300
" мл",300
": З",298
"бир",298
"ожд",298
"ба ",298
"ълм",297
"е й",297
"губ",297
" кн",297
"ими",296
"еши",296
"овч",296
"ним",296
"етв",295
"у; ",295
"мря",295
"епо",295
"яза",295
" уг",295
"рао",294
"ен.",294
"ми.",294
"дай",293
"т М",293
"раш",293
"аед",293
" хъ",293
"хъл",293
"ше,",292
"омн",292
"лил",292
"а Ю",292
"й к",291
"м Г",291
"м: ",290
"д г",290
"ят.",290
"ъмн",289
"це ",289
"И Г",289
"я р",289
"фил",289
"пал",289
"щав",289
"аги",289
"ас.",288
"поб",288
