"en ",68242
"er ",59935
"nd ",52755
" de",48963
" un",42075
"und",41857
"ein",34485
"ich",30902
"der",30116
"ch ",29708
"ie ",29488
", d",23634
" da",22587
" di",22105
"cht",21313
"den",21205
"in ",20705
"ine",19487
"es ",18342
"die",18234
" si",16581
" ih",16398
"n, ",16317
" ge",15815
"n d",15780
"ten",14246
" wi",13799
" zu",13490
" se",13333
"en,",13016
"ach",12878
"nde",12734
"gen",12264
"em ",12253
" au",12172
"te ",11978
"as ",11581
"ht ",11473
"ber",11272
" er",11125
"st ",11022
"ter",11020
"sei",11001
"sie",10833
"che",10609
"n u",10401
" vo",10341
"nen",10329
" ei",10223
"zu ",10193
" mi",10189
" ha",10163
" so",10076
"sch",10029
"t, ",9945
"r d",9807
"t d",9782
"lle",9290
"d d",9211
"abe",9209
" ni",8951
"hen",8907
"ist",8880
"n s",8861
"ben",8798
"d s",8790
"ne ",8645
"aß ",8619
"and",8481
" we",8467
"das",8459
"nic",8129
"auf",8040
"e d",8029
"daß",7998
" wa",7993
"nn ",7967
"ihr",7955
"des",7949
"it ",7918
"HER",7850
"ERR",7849
" HE",7733
"Und",7700
"en.",7507
"e, ",7491
" in",7483
"uch",7407
"enn",7390
" al",7309
", u",7244
"n i",7212
"dem",7159
"on ",7140
"ste",7123
"hre",6882
"ern",6870
"aus",6733
"tte",6723
"oll",6677
" an",6676
"r s",6657
"ind",6571
" ic",6543
" is",6475
"ren",6406
"all",6371
"rde",6273
" Ge",6233
" sp",6217
"spr",6199
"n w",6127
"von",6112
"nge",6072
"mit",6068
"hte",6064
"n a",6023
" du",5928
"ehe",5882
"sol",5879
"hr ",5870
", w",5868
"an ",5768
", s",5761
"uf ",5683
"wir",5597
"r H",5578
"ir ",5578
" ab",5556
"e s",5456
"rac",5446
"r, ",5438
"sen",5426
" me",5407
"war",5335
"len",5303
"sse",5252
"ver",5251
"s, ",5190
"hat",5189
"ebe",5155
"um ",5079
" ve",5066
"wer",5060
"ihn",5056
"mei",4971
"e i",4969
"mme",4945
"ers",4893
" be",4887
"men",4881
"eit",4878
" Ha",4816
"ott",4792
"dei",4779
"ll ",4767
" Go",4731
"us ",4636
"rn ",4603
"pra",4576
"el ",4567
"t u",4548
"d e",4547
"e u",4546
"de ",4503
"hne",4495
"so ",4495
"t i",4494
" eu",4491
"h d",4454
"Got",4435
"ges",4407
"et ",4389
"n e",4372
"her",4362
"ech",4346
"erd",4336
"wie",4328
" St",4294
"du ",4281
"age",4258
"hn ",4253
" We",4227
"r a",4209
"rei",4166
"e S",4085
"re ",4084
"e e",4082
" He",4069
"nte",4057
"e a",4055
"nig",3993
"ge ",3980
"ede",3979
" es",3975
"r u",3927
"ig ",3927
"er,",3908
"ner",3902
"sic",3854
"r i",3809
"n S",3793
"ige",3792
"n G",3774
"rte",3768
"rd ",3734
"hab",3725
"ohn",3722
"ere",3674
"vor",3598
"ese",3598
"t s",3596
"t e",3588
"n h",3563
"est",3556
"s H",3547
"d w",3529
"RRN",3524
"lei",3523
"Sch",3517
"ing",3511
"ill",3511
"ird",3497
" he",3483
"da ",3479
"s d",3478
" Sc",3456
"ihm",3428
"ies",3409
" sa",3398
"t h",3389
"ei ",3380
"n g",3348
"öni",3329
" Kö",3327
"or ",3321
"t a",3320
"lic",3319
"n m",3315
"tet",3315
" hi",3304
"le ",3292
"m H",3282
"Kön",3280
"ege",3260
"n H",3252
"r w",3250
"ete",3247
"nem",3238
"übe",3215
"n; ",3214
"euc",3200
"r S",3179
"wil",3173
" üb",3170
"; d",3170
"t w",3156
"lte",3142
"d a",3129
"s i",3118
"r e",3111
"geb",3084
"ert",3082
"ger",3060
"och",3052
" So",3047
"rst",3042
"he ",3010
"d i",2999
" Is",2979
"omm",2972
"n v",2971
"f d",2970
"r g",2966
" ma",2958
"en;",2955
" sc",2936
"hm ",2936
"n z",2920
" st",2913
"ser",2881
" La",2880
"rt ",2865
"ite",2861
"hin",2853
" na",2813
"ide",2810
"rie",2799
"at ",2792
"geh",2785
"ann",2784
"se ",2782
"uns",2773
"t m",2736
"e H",2715
"eis",2710
"ael",2703
"wei",2700
"ieh",2682
" bi",2679
"e g",2662
"eil",2630
"s s",2620
" Ki",2608
"sra",2599
"RR ",2598
"ar ",2592
"nac",2591
"s a",2587
"h z",2585
"be ",2584
"r h",2574
" wo",2569
" Vo",2558
"rae",2553
"Isr",2548
"e m",2537
"Hau",2523
"sin",2519
"Kin",2517
"ns ",2501
" Da",2497
"nes",2469
" Je",2469
"mir",2466
" Un",2462
"auc",2457
" Ma",2455
"lie",2441
"hei",2434
"kom",2425
"e w",2419
"h, ",2419
"eid",2418
"ric",2412
"e K",2408
"h s",2391
"tes",2383
"ieb",2381
"sag",2377
"im ",2371
"e G",2361
"n n",2360
"rge",2359
"ass",2355
"h w",2354
"att",2350
"nne",2345
"ehr",2344
"man",2340
"ens",2322
"end",2321
" Sa",2306
"unt",2301
"t g",2299
"rch",2292
"olk",2292
"Da ",2289
"ang",2288
"n B",2285
"dir",2279
"am ",2277
"n K",2274
"mac",2264
"eib",2262
"h a",2254
"esc",2253
" fü",2253
"r G",2250
"u d",2249
"chl",2234
"Soh",2231
"kei",2213
"n M",2203
"cha",2202
"ken",2199
" Le",2196
" Me",2191
"r K",2191
"fen",2188
"was",2182
"fer",2179
"r m",2175
"e v",2161
" im",2161
"n: ",2161
" Er",2157
"RN ",2150
"d g",2142
" Ze",2126
"s u",2123
"r z",2113
"s w",2110
"Vol",2110
" re",2105
"llt",2102
"Wei",2100
"rec",2090
"dar",2080
"r n",2070
"tt ",2069
"te,",2063
"ung",2055
" Wa",2051
"lt ",2051
"s g",2050
"erz",2050
" la",2042
"lch",2039
"ort",2034
", a",2033
"als",2029
"imm",2027
"ß e",2025
"u i",2019
" Br",2019
"ch:",2018
"en:",2008
"mic",2004
"ng ",1996
"bei",1996
"ene",1987
"Den",1982
"e z",1980
"st,",1975
"Her",1972
"use",1967
"ahr",1955
" Ta",1954
"n A",1947
"dic",1946
"r v",1944
"d m",1944
"ß d",1938
"s G",1932
" um",1930
"t v",1928
"iel",1925
"ß i",1920
"; u",1913
"n W",1905
"eic",1904
"Lan",1904
"e h",1903
"d, ",1902
"sel",1890
"n T",1889
"ute",1879
"det",1877
"geg",1875
"erg",1857
" Fe",1849
"e W",1845
"l, ",1844
"zum",1829
"e n",1828
" le",1824
"t n",1820
"d v",1814
"h: ",1804
"gte",1803
"gel",1797
"ß s",1795
" Wo",1786
", e",1779
"h e",1778
" Na",1774
"n J",1772
" Si",1771
"ate",1770
" ka",1769
" Be",1759
"h n",1757
"s S",1755
", i",1751
"rin",1739
"d z",1735
" Mo",1725
"chw",1718
"ied",1716
"ame",1714
"ch,",1714
"m d",1712
"ele",1706
"gt ",1705
"anz",1699
" ko",1699
"nun",1698
" Se",1696
"is ",1691
"u s",1686
"set",1679
"erb",1676
"bis",1675
"n. ",1663
"un ",1661
"'s ",1656
"are",1652
"tig",1649
"pfe",1630
"a, ",1627
"zen",1627
"d h",1626
"red",1626
"erk",1624
" Jo",1621
"l d",1607
"rum",1606
"m, ",1604
" tr",1592
" ga",1587
"vie",1582
" li",1581
"pri",1580
"rau",1573
"Die",1568
"Tag",1565
"err",1564
"h i",1564
"urc",1560
"ier",1558
" Ja",1557
"m G",1557
" tu",1556
"ht,",1553
"aru",1545
"wen",1543
"eru",1540
" Re",1538
"Ich",1537
"t z",1534
"d u",1531
"dig",1521
"lig",1517
" ke",1516
"eue",1515
"Ges",1498
"ili",1495
"t; ",1491
"he,",1488
"d b",1487
"ien",1486
"ßen",1480
"woh",1472
"n V",1471
"alt",1470
"s e",1466
"igt",1464
"h u",1460
"n L",1459
"hör",1459
"ose",1459
"itt",1456
" ze",1452
"elt",1452
" vi",1451
"ema",1451
"s V",1449
"h h",1449
"agt",1446
"Sie",1446
"ls ",1445
"hrt",1444
"n b",1443
"tan",1442
"mel",1440
" gr",1433
"ibe",1432
"etz",1430
"h g",1429
"m S",1429
" zw",1425
"a s",1424
"Abe",1424
" je",1423
" Fr",1423
"l i",1423
"elb",1420
"Sta",1417
"dur",1417
"seh",1410
"erl",1404
"ünd",1403
"rer",1402
"kam",1402
"o s",1396
"ure",1395
"e M",1394
"r M",1393
"es,",1393
"son",1391
"d n",1383
"chr",1382
"gan",1381
"wor",1378
"lso",1372
"get",1368
"les",1367
". D",1363
"uer",1362
"rbe",1360
"nsc",1357
"e L",1356
"gew",1351
" Ju",1351
"n F",1350
"hri",1349
"s L",1348
"hal",1348
"tun",1347
"cke",1341
"opf",1340
" Ab",1332
" Pr",1332
". U",1330
" To",1330
"r W",1325
"e F",1323
"reu",1323
" Hi",1322
"uge",1319
"noc",1318
"für",1318
"ast",1317
"lk ",1317
"m s",1316
" gi",1315
"ieß",1297
"has",1297
"ess",1291
"amm",1290
"sal",1290
"e B",1289
"ode",1278
" nu",1278
"el,",1277
"er.",1273
"chs",1269
" fr",1263
" Ba",1261
"lbe",1257
"h m",1257
" no",1255
"gin",1245
"sam",1243
"sta",1240
"tre",1237
"ond",1235
"Han",1235
"Man",1233
"ut ",1226
"Was",1222
"h v",1218
"eiß",1218
"eut",1214
"eur",1210
"esu",1209
"o w",1208
"Men",1204
"zig",1204
"d l",1202
" Va",1201
"RR,",1201
"era",1200
"id ",1197
"ent",1197
"R, ",1196
"lem",1195
"las",1194
"Vat",1191
"lst",1187
"Jud",1187
"els",1186
"isc",1185
"e T",1183
"elc",1183
"Jer",1183
"gef",1173
": W",1172
"wan",1169
" Kn",1168
"ard",1165
"r b",1163
"bes",1160
"gli",1157
"ina",1156
"nke",1153
"s v",1150
"Jes",1148
"n l",1144
"Zei",1143
"ur ",1137
", z",1134
" De",1134
"lan",1130
"usa",1130
"rsc",1126
" br",1125
", m",1123
"d f",1121
"nse",1119
"s K",1117
"ufe",1117
"eht",1115
"Hei",1114
"iss",1111
"nze",1110
"h b",1109
"lls",1109
"ran",1105
"l s",1104
"hle",1096
"s n",1092
"wel",1089
"Wor",1089
"nd,",1085
" Gr",1083
"Dav",1083
": S",1081
"tra",1080
"hme",1079
"g, ",1077
"mt ",1076
"rus",1076
"avi",1076
"vid",1076
"roß",1075
"bt ",1074
"bra",1070
"erw",1063
"me ",1060
"oße",1059
"e b",1059
"rem",1055
"om ",1053
"aub",1053
"nst",1052
"l u",1050
"m L",1050
"tei",1049
"Wer",1048
" hö",1046
"lag",1040
"So ",1036
"n E",1033
"u m",1032
"ühr",1031
"gro",1027
" Au",1027
"erh",1026
"ale",1026
" am",1025
"ieg",1024
"mer",1024
"Der",1022
"hie",1021
" Wi",1021
"esa",1014
"Ger",1014
"nec",1014
"hes",1013
"Er ",1013
"s z",1013
"erf",1011
"bri",1010
"ür ",1004
"tze",999
"dte",997
"han",992
"ab ",991
"eck",989
"e E",988
"ebo",987
"e A",986
", v",984
"wid",984
"s W",981
"m u",978
" Mi",978
"de,",975
"nie",973
"in,",970
"m V",969
"ins",968
"rne",967
" dr",963
"ler",956
"het",956
"m K",954
"ube",953
"r A",952
"ara",952
"Kne",950
"rke",949
"tt,",949
"teh",945
"chi",942
"nnt",942
"te.",942
" Di",941
"Erd",940
"eta",940
"s h",940
"r E",937
"n f",933
"ndi",932
" Fü",931
"bin",930
"ris",930
"tat",930
"zer",927
"zog",927
"ari",927
"en?",924
"lau",924
"ret",923
"hl ",922
" El",922
"et,",922
"har",921
"hwe",918
"n k",918
"e; ",916
"ört",916
"zur",915
"ude",909
"Es ",907
"ise",906
"ote",903
"bst",900
" Ch",899
": D",897
"mmt",897
"änd",893
"rre",892
"eer",891
"haf",882
"m W",881
"Geb",879
"s M",877
"uda",877
"hla",876
"d S",875
"ohl",874
"rze",872
" od",872
"pte",871
"zwe",870
"m a",870
"tad",868
"bet",866
"rs ",866
"ade",866
"rn,",865
", b",864
"vom",864
"st.",864
" bl",863
"r L",863
"wol",859
"meh",857
", g",854
"ts ",853
"adt",853
"füh",852
"Ver",851
"n P",846
"öre",845
"at,",844
"ft ",842
"n R",841
"aue",840
"s m",839
" Hä",838
"eig",837
"RN,",837
" Al",834
"r k",833
"Das",829
"e J",829
"Mos",829
"l e",827
"t b",827
"m e",826
"r T",823
"l a",823
" An",822
"äch",820
"N, ",817
"r Z",813
"n N",813
"Stä",811
"r B",811
"Jah",810
"tar",810
"m g",809
" ne",809
" ta",809
"ßt ",807
"lde",805
"e P",805
"ke ",804
"leg",804
"dt ",803
"nah",802
" Mu",802
" Ho",801
"n I",800
"r f",797
"r J",797
"d t",795
"e Z",795
"res",794
"d k",791
"eln",790
"tau",790
"hun",789
"tha",789
"sah",788
"Dar",788
"m M",785
"ffe",785
"s B",782
"hti",780
"Nam",779
"olc",779
"u e",778
"eß ",777
"ntw",776
"tzt",775
" Ka",774
"ant",774
"ewi",771
"ord",770
" Li",769
"lbs",769
"a e",768
"n Z",768
" Ve",768
"m B",767
"igk",767
"gke",767
"ze ",765
"nis",764
"r F",762
"; a",761
" Es",756
"bel",756
"eug",756
"dre",756
"bot",755
"Him",754
" gl",752
"doc",752
"neh",749
"ehm",747
"Pri",747
" Ic",744
"eri",744
" do",743
"rli",743
" fa",742
"Fre",742
"ht.",739
"hnt",739
"zie",739
"m w",738
"ndt",738
" Ph",738
"n j",736
"sti",734
"str",732
"gyp",732
"ypt",732
"egt",731
" Fl",731
"two",730
"r I",730
"e f",729
"san",729
"igs",725
"Du ",724
": I",724
"üst",723
"ar,",723
", n",721
"rt,",720
"ld ",720
"g d",719
"hts",719
"t. ",718
"aul",718
" Kr",716
"enk",716
"ckt",716
"Ägy",716
" Äg",715
"run",714
" Am",714
"ses",714
"in.",713
"g u",711
"r P",709
"an,",707
"fre",707
"ße ",703
"leb",703
"l g",703
"fan",700
"m: ",700
"org",698
"erm",698
" Bl",698
" zo",698
" Te",698
"r t",694
"ath",693
" Sp",692
"e l",691
"etr",691
"tel",690
"m T",690
"ewe",689
"e V",687
"ch.",686
"Ein",684
"ron",683
"il ",682
" Ra",682
"dan",682
"sus",681
"tli",680
" Sü",680
"d J",679
"ank",678
"eba",677
" En",677
" Ar",676
"r; ",676
"rig",676
"eel",675
"fe ",674
"e R",673
"orn",672
"Sün",671
"Als",670
"rot",669
"öhn",668
"s T",667
" ba",665
"ett",664
"as,",664
"ahm",663
" ri",663
"tri",663
"ob ",663
"d G",660
"g s",659
"t: ",653
"ot ",652
"e k",652
" en",652
"; s",651
"aut",650
"äte",649
"ünf",645
"oge",645
"ahe",643
"ief",642
"r l",642
"d r",641
", h",640
"hil",639
" Ga",638
"hm:",638
"ile",638
" fi",637
"s b",637
" fe",635
"de.",634
"fal",634
"i d",634
"ah ",633
"s A",632
"Aug",632
"gem",628
"hst",625
"nan",624
"bar",624
"m F",624
" Mä",624
"nau",623
"Weg",622
"r V",622
"mal",621
"aft",620
" Bu",620
"upt",619
" Ei",619
"er;",618
"ell",617
"rna",617
"sto",617
"Wen",616
" As",615
" Tr",614
"phe",614
"üde",614
"Chr",613
"r: ",611
"obe",611
"Gei",610
" wu",609
"eth",609
"t f",606
"lke",605
"ag ",604
"e: ",604
"n O",603
"uen",601
"it,",600
"oth",600
"u h",599
"m i",598
"t k",598
"del",598
"l m",597
"wis",595
"e. ",595
"gab",593
"Jos",593
"mm ",592
"ib ",591
"ehn",591
"lec",590
"Brü",590
"Lei",588
" ho",587
" Kl",587
"rag",586
"gek",586
"ore",586
"efa",586
"ker",585
"ück",585
"u J",585
"net",584
"n ü",584
"ase",584
"s F",584
"a u",584
"ble",584
"usg",584
"m A",583
"gle",582
"esi",582
"k, ",582
"wür",581
"los",581
"m h",579
"f u",578
"nei",578
"d A",576
"kan",576
"oph",574
"n? ",573
"Sti",570
"abt",570
"a d",569
"ana",569
"nt ",569
"i, ",568
"t G",567
"lin",567
"g i",567
"fün",566
"bau",566
"See",566
"Ber",566
"wig",565
"Leb",562
"pre",562
"zeh",562
"änn",560
"rüd",560
"Für",557
"eli",555
"sge",554
"chn",554
"egl",551
"ewo",551
"al ",551
"Sam",550
"eld",549
"öse",549
"d M",548
"g a",548
"rit",547
"hau",545
" wü",544
"fte",544
"s J",544
"rhe",543
"nd.",542
"gt,",542
"täd",540
"ädt",540
" Hü",539
"n t",538
"inn",538
"r R",536
"us,",536
"Hän",535
"weg",535
"m z",534
"gs ",534
"ütt",533
"Nac",532
", H",530
"suc",526
"ewa",525
"b, ",523
"eme",521
"rle",520
"tz ",519
"gst",518
"Rec",518
"old",516
"rfe",516
"a w",515
"Män",515
"Sei",514
"aup",514
"rsa",514
"u b",513
"a a",513
"ürs",513
"jeg",512
"u, ",511
"u a",510
"lut",510
"n D",510
"chu",509
"Str",509
"Bru",509
"s; ",509
"ln ",507
"bre",507
"em,",507
"ß m",505
"rop",503
" Sö",502
"t's",501
" Zi",500
"eko",500
"bte",499
"r r",496
"ink",496
" Gl",495
"vol",493
"onn",493
"s E",493
"Fei",492
"wes",491
"Ste",489
"o i",489
"Rei",489
"Söh",488
"Ihr",487
"Alt",486
"äng",486
"g w",486
" Hö",485
"leh",485
"el.",484
"Fel",484
"wur",483
"kte",482
"ürc",482
"fah",482
"bli",481
" wä",481
"Pro",480
"iem",479
"ge,",476
"itz",476
" et",474
"Blu",473
"ja,",473
"nat",471
"gne",470
"Mei",468
"ebt",467
" ew",467
"rz ",466
"lis",463
"le,",463
"o d",462
"Fle",461
"Sal",461
"rab",461
"Sau",461
"Wel",459
"ia ",459
"art",458
"; w",458
"en!",458
"g h",458
" Ti",457
"rat",457
"ebr",457
"be,",456
"dop",456
" zi",456
" Or",456
"Feu",456
" Ne",455
"beg",455
"ir,",455
" fl",454
"u w",454
"s f",454
" Gi",454
"eha",454
"hor",453
"kt ",452
", S",452
"off",452
"afe",451
"f s",450
"e D",450
"l w",449
"äre",448
"int",448
"alb",448
" Ri",447
"öch",447
"ged",447
"hel",447
"h k",447
"üte",446
" Bo",446
" ob",446
"irs",445
"dah",445
"chm",443
"alo",443
": E",441
"arn",441
"ona",441
"ns,",438
"t l",438
"eho",437
"Tor",437
"ätt",436
"tim",436
"; e",436
"ig,",436
"t ü",435
"ust",435
"rma",435
" Vä",435
"Vät",435
"ck ",435
"s k",434
"ami",434
"nre",433
"Kle",433
"ls,",432
"Hüt",432
"fin",431
"ild",431
"am,",429
"gut",427
"a i",427
"Gef",424
"zt ",424
"nzi",424
"on,",423
"ähl",423
"ürd",422
"ndo",422
"eim",422
"üng",421
"ama",421
"Gem",420
"urd",419
" mu",419
"lom",419
"Leu",418
" mü",418
"tus",418
"evi",417
"nit",417
"u S",416
"rd,",416
"üße",416
"emp",415
"rzi",415
" Pa",415
"lta",415
"r. ",414
"eie",414
"rme",414
"lug",413
"h f",413
"rla",411
"hs ",411
" Lo",411
": H",411
"rbr",411
"Mit",410
"laß",410
"hem",410
"e t",410
"zte",409
"fie",409
"aha",409
" Wü",409
"stu",409
"eße",408
", l",407
"lt,",407
"Gew",406
"Jak",406
"amt",404
" Vö",404
"Mut",404
"og ",404
"heu",404
"zei",404
"eph",404
"egn",403
"keh",403
"es.",403
"ngt",403
" gu",402
"azu",402
"ht;",402
"uel",402
"fra",402
"kob",402
"ako",401
"wär",400
"b s",400
". A",400
"eg ",400
"g g",400
"d B",398
"hli",398
"g z",398
"m v",397
"g v",397
"f i",397
"hlt",397
"rüb",397
"Göt",397
"l z",396
"arm",396
"l v",396
"ßer",395
"un,",395
"tut",395
"n o",394
"ohe",394
"Vor",394
": """,394
"utt",393
". S",393
"o g",393
" Gö",393
"d ü",392
"f, ",392
"eun",392
"u u",392
"arr",392
"ans",392
"ß w",391
" Hu",391
"Bet",391
"Mor",390
"Mee",390
"stä",390
"ufg",387
"d H",386
"cho",386
", f",385
"hul",385
"ebu",385
"rud",384
"muß",384
"ttl",384
"bor",384
"tum",384
"; i",383
"t S",383
"ift",383
"Ang",382
" Jü",382
"Jün",382
"eng",382
"aro",381
"efä",381
"t t",380
"at.",380
"ng,",380
"Woh",380
"ock",379
"iße",379
"rüh",378
"hn,",377
" kö",377
" Pe",377
"mhe",377
"h l",376
"uld",376
"u g",375
"zeu",375
"n r",375
"Pha",375
" Ko",374
"rtr",374
" Zo",374
": G",373
"d K",372
"zus",372
"ißt",372
" Du",372
"ham",372
"m E",371
"wah",371
"a g",370
"ue ",370
"s. ",369
" Bi",369
"g J",369
"s t",369
"rha",369
"üss",368
" hä",368
"t F",367
"m n",367
"Wüs",367
"pei",366
"e I",366
"Mun",366
"rah",366
"üge",365
"ors",365
"Ort",365
"wo ",365
"chä",364
"raf",364
"leu",364
"rn.",363
"aum",363
" Aa",363
"tru",362
"ug ",362
"ie,",362
"zwa",360
"edi",359
"tge",359
"ja ",359
" Ah",359
"efe",358
"r's",358
"Bro",358
"n Ä",358
"Spe",357
"ule",357
"f E",356
"l h",356
"ött",355
"Lev",355
"til",354
"l n",353
"Dan",353
"d E",352
"se,",352
"Geh",352
"üch",352
"sre",352
"nad",352
"th ",350
"Bra",350
"et.",349
"ugt",348
", o",348
"ela",348
"lk,",347
"ick",347
"arb",346
"wäh",346
"rs,",346
"r N",345
"ahl",345
"ero",345
"fel",345
"enb",344
"eda",344
"she",343
"s R",342
"ruf",342
"e ü",341
"lfe",341
"ngl",340
"oab",340
"Stu",340
"rni",339
"Eli",339
"b i",338
"ini",338
" Ob",338
"ef ",337
"Phi",337
"u n",336
"sit",336
"uft",336
"Aar",336
"üll",335
"hlu",335
"aph",335
"pha",335
" Ru",335
"tät",334
"gre",334
"ilb",333
"hüt",333
"sec",332
"iß ",332
"ehl",332
"ssa",332
"avo",330
"b u",330
"Gre",330
"dav",329
"ß, ",329
"mon",329
"Wie",329
"eh ",328
"igl",328
"ald",328
"gla",328
"h t",327
" Zu",327
"Bun",327
"d W",327
" Ke",326
"m N",326
"tlo",326
"Zor",326
"Wir",325
"omo",325
"nab",325
"Ung",325
"bt,",324
"uß ",324
"u B",324
"it.",323
". E",323
"k u",323
"ibt",323
"f e",322
"h; ",322
"Tod",322
"ega",322
"gez",322
"ons",322
"öte",322
"ah,",321
"ebi",321
"ani",321
" ja",321
"n's",321
"fge",320
"Hee",320
" Gu",320
"u v",320
"nim",320
"jem",320
"daz",319
" ac",319
"Mac",319
"a n",319
"Lie",319
"u t",318
"rda",318
"äus",318
"rt.",317
" Th",317
"r ü",316
"ruc",316
" kl",316
"rif",316
"fun",315
"aff",314
"th,",314
"Gol",313
"dam",313
" op",313
"müs",313
"aßt",312
"re,",311
"tro",311
" Ac",311
"eih",311
"nbe",311
"Eng",311
" Eh",311
"st;",310
"ähr",310
"Sil",310
" lä",310
"kön",310
"e N",308
"m b",308
" oh",308
"übr",308
", J",308
"vit",308
" Za",308
"Zeb",307
"dri",306
", k",306
"Mon",306
"Erb",306
"hra",305
"oss",305
"rrl",305
"R s",304
" Tü",304
"bek",304
"ost",304
"uße",304
"ß a",303
", G",303
"öst",303
"t J",303
"eno",302
"ngs",302
"h G",301
"ßte",301
"nja",301
"a's",301
"End",300
"Wah",300
"Gla",300
"ölk",299
"o h",299
"lea",299
"ch;",298
"ul ",298
"ahi",298
"ehö",298
" go",298
"hol",297
"bit",297
"chk",297
"tag",297
"fle",297
"olg",297
"RN.",296
": M",296
"Völ",296
"sem",296
"e r",296
"t M",296
"Obe",296
"er:",295
"m m",295
"Bab",295
"Bar",295
"Gut",294
"r D",294
"Fri",293
"Abr",293
"R H",293
" lo",293
"e O",293
"roc",292
"rim",292
"tsc",292
"mli",292
"Gel",292
"bat",292
"öge",291
"rüc",291
" pr",291
"Gna",291
". W",291
"oni",291
"gni",291
"tam",291
"rwe",290
"iff",290
" su",290
"bao",290
"aot",290
" Tö",289
"h r",289
"emd",289
"o e",289
"ban",289
", A",288
", M",288
"Toc",288
"Tie",287
"tt.",287
"d R",287
" eh",287
"orh",287
"All",286
"Füß",286
"uf,",285
"irg",285
"önn",285
"oß ",284
"um,",284
"rub",284
"hob",284
"ß n",284
"dli",284
"be.",283
"Tür",282
" Gn",282
"b d",282
"'s,",282
"unr",281
"rse",280
"d; ",280
"rfa",280
"Zeu",280
"Ged",280
"Vie",279
"fol",279
"zwi",278
"Kra",278
"rbt",278
"War",278
"lge",278
"hät",277
"lös",277
"inw",276
"ume",275
"bed",275
"da'",275
" Fi",274
"eb ",274
"ar.",273
"etl",273
"nsr",273
"nz ",273
"heb",273
"Eph",273
"g e",273
"N u",272
" fo",272
"ge.",272
"nn,",272
"ids",272
" Fu",271
"ämm",271
"pel",271
"nom",270
"töt",270
" Ep",270
"mpe",270
"d D",269
"st'",269
"eze",269
"lob",269
"th-",269
"Laß",268
"l; ",268
"r o",268
"etw",267
" Pf",267
"hnu",267
"i i",267
" Oh",267
" Ro",267
"an.",266
"fäl",266
"ut,",265
"ilt",265
"bro",265
"sün",265
"olz",264
"m P",264
"s l",263
" hu",263
"m R",263
"lac",263
"ufs",263
"kün",263
"rm ",262
"d T",262
"hon",262
"s: ",262
" Fa",262
" tö",262
"ne,",262
"t r",261
"ilf",261
"te:",261
"nko",261
"Ben",261
"s N",260
"enl",260
"hwi",260
"rao",260
"Sim",260
"aja",260
"te;",259
"aim",259
"rwä",259
"Arm",259
"f m",259
"for",258
"hah",257
" Lä",257
"s Z",257
"ark",257
"ält",256
"i u",256
"s P",256
"rba",256
"i e",255
"b a",255
"d F",254
" Vi",253
"Red",253
"Jor",252
"seg",251
"wac",251
"hse",251
"Töc",251
"öhe",251
"n! ",251
"t I",251
"hr,",250
"Mau",250
"in;",250
"ßig",250
"sau",250
"ria",250
"bal",249
"tta",249
" Üb",249
"kle",248
"egr",248
"u M",248
"phr",247
"a z",247
"abb",247
"Ell",246
"ada",246
"is,",246
"Tei",245
"Joa",245
"ürg",244
"wal",244
"Höh",244
"gib",244
"arf",244
"uhl",244
"sua",244
"nla",243
"gri",243
"z, ",243
" mö",242
": A",242
"Abi",242
"heh",242
"nds",241
"ena",241
"fli",240
"mt,",240
"neu",240
"lüc",239
"s I",239
"luc",238
"ats",238
"lit",238
" ru",237
"d P",237
"fei",237
"lf ",237
"ußt",237
"ht:",237
"Häu",237
"reg",236
"rom",236
"Kan",236
" Ih",235
"n C",235
"nkt",235
"rti",234
"u G",234
