"agh",5187
"yn ",5003
" as",4661
"as ",4515
"ey ",4202
"ee ",3875
" er",3545
"er ",3399
"eh ",3362
" ny",3243
" ch",3229
"gh ",3077
" sh",3046
", a",3032
" eh",3023
"ish",2965
" dy",2877
"dy ",2820
"ny ",2523
" y ",2442
"sh ",2311
" ve",2038
"ooi",1939
"As ",1903
" ta",1855
" do",1828
" yn",1818
"yrt",1753
" ay",1660
"ayn",1637
"ad ",1635
"doo",1583
"h, ",1572
"rt ",1570
"oyr",1566
"ill",1558
" je",1520
"ta ",1512
"e e",1493
"ys ",1482
"yns",1428
" ad",1425
"s d",1420
" my",1412
"lle",1385
"h e",1377
"y c",1370
"ley",1360
"ris",1344
"yr ",1326
"e, ",1316
"ns ",1284
"n, ",1282
"she",1263
"ees",1257
"hen",1255
" va",1229
"ooy",1222
"ree",1221
" re",1216
"shi",1202
"y v",1178
"ney",1173
"che",1141
" gh",1126
"sht",1123
"hey",1118
"en ",1117
" ma",1113
" da",1097
"ht ",1067
"oo ",1028
"oil",1020
"esh",1001
"r n",1000
" ro",992
" ri",973
"nag",971
"nyn",961
"on ",958
"hyn",957
"y, ",946
"ey,",940
" so",926
" gy",914
"n e",910
"ghe",908
"cha",906
"ght",899
"ie ",894
"s y",893
"y r",887
" e ",883
"n a",872
"h d",871
"s h",859
"sho",855
"oin",851
"ll ",844
"y d",843
"jee",837
"t e",836
"'n ",836
"y e",822
"hoh",818
"sey",811
"ra ",809
"rey",807
" oo",805
"hee",800
" Ye",798
"nne",796
"Yee",794
"bee",783
" tr",781
"roo",776
"ha ",774
"va ",770
"iag",769
"e a",765
" v'",764
"rre",764
"y s",754
"cho",749
"eih",749
"el ",744
"nee",742
"y g",738
"ese",731
"hiu",731
"gys",726
"h a",717
"hie",716
"hoo",716
"a v",711
"ain",709
" me",705
" lh",701
"s e",701
"iu ",699
"jeh",694
"hia",692
" be",689
"myr",689
"n t",686
" ha",680
" ho",677
"y l",673
"vel",671
" ag",668
"in ",665
"yn,",664
"h r",663
"edd",657
"ann",656
" t'",656
"mee",653
"inn",644
"son",642
"s t",642
"h y",638
"ow ",637
"my ",631
"y a",630
"r, ",630
"y h",628
"a s",627
"n d",623
"s c",623
" gr",622
"n s",621
"irr",621
"ail",621
"an ",619
"s n",612
"tra",611
"raa",609
"gho",604
"rag",597
"y  ",595
"ayr",581
" hu",578
"a m",578
" ec",577
" go",577
"e s",575
"h n",572
"t, ",571
" cr",567
" fe",564
"e d",563
" ne",563
"gra",563
"sh,",562
"ee,",562
", d",561
"y y",557
"n v",554
"ghy",553
" hi",549
" na",548
"tyn",547
"'eh",547
" le",544
"h s",540
"arr",536
"ne ",534
"r e",533
"ene",532
"a, ",531
"h t",530
" la",528
" vo",525
"y t",524
"n c",522
": a",518
"oh ",517
"v'e",517
"r y",510
"lhi",509
" he",507
"syn",503
"o, ",500
"y n",499
"aa ",497
"cre",497
" ar",496
"oo,",495
" co",494
"ih ",493
"a d",492
"a'n",486
"er-",485
"oar",482
"mag",481
"s v",479
"-je",478
"ooa",476
"h m",475
"eay",475
"h v",474
"iar",473
"n y",472
"hug",472
"se ",467
", t",466
"hai",465
"nk ",464
"s s",464
"eh,",463
"h g",458
"n m",457
"ink",449
"h c",449
"rry",447
" de",446
"e g",444
"da ",443
"ey.",442
"y m",436
" cu",434
"n n",430
"dyn",426
"ve ",425
"ddy",422
"  a",422
"ass",421
"e y",419
"eer",418
"ard",418
" th",418
", c",417
"ean",417
"nno",412
"e c",412
"ash",409
"d e",409
"shy",409
"noo",409
"a n",408
"n  ",408
"oll",408
"lee",407
"ss ",406
"eag",406
"s, ",403
"t d",402
" dt",402
"eyn",401
"rri",400
"aue",400
",  ",398
"chi",398
"err",398
", g",396
"it ",394
" mi",393
"dty",392
"ty ",392
"eea",391
"vei",390
"eet",389
"ug ",386
"ogh",385
" ee",384
"y b",383
"h  ",382
"moo",381
"n o",381
"rbe",379
"oai",379
"erb",378
"n r",377
"red",374
"orr",372
"ose",372
"ren",371
"s g",370
"e v",370
"ra,",370
"ane",369
"ym ",369
"row",368
"tey",365
"al ",364
"r v",364
"n g",362
" lo",362
"e n",362
"lag",359
"  e",359
"har",358
"s m",358
"ar ",357
"u, ",355
" st",354
"yll",354
" fo",352
"gey",351
"ur ",349
"Agh",348
"l e",347
"ig ",347
"hei",346
", n",346
"s a",345
"loa",344
"r c",343
", C",340
"er,",340
"e  ",339
"les",339
"re ",337
"y j",335
"t'e",335
"din",334
"cur",334
"all",334
"s  ",332
"eu ",332
"ast",332
"a r",330
"laa",328
"a c",328
"r d",328
"ion",327
"e m",327
"ggy",327
"ell",327
"oie",326
"r s",326
"aar",326
"mar",325
"t a",324
"'ad",323
"oay",321
"hty",318
"n l",318
" li",314
"ari",313
"gyr",312
" mo",310
"ac ",307
"  d",304
"nna",304
"rin",303
"gh,",303
"rra",302
"et ",302
"are",300
"r a",299
"le ",298
"e o",298
" ph",297
" Je",297
"ddi",295
"ec ",294
"s r",294
"l a",294
"sha",293
"uis",293
"l s",292
"sag",292
"Eis",290
"rog",289
"eil",288
"arn",288
"r-y",287
"g e",287
" ba",286
"fa ",285
", e",283
"d, ",283
"-fa",283
"hag",282
"riu",282
" se",280
" ni",280
"enn",279
"hte",278
"ymm",277
"obb",276
" or",276
"r j",274
"agg",274
"sty",274
"gge",274
"yn.",273
" n'",272
"soo",272
"ech",272
"y p",271
"a e",270
"ble",270
"e t",270
"rro",269
"y f",269
"e r",266
"lly",266
" dr",266
"y-f",264
"lyn",263
"iui",262
" Ch",261
" ra",261
"s l",260
"ine",260
"dey",260
"one",257
"hoi",257
" ge",256
"ost",256
"l, ",255
" sc",255
" ki",254
"hoy",254
"yd ",253
"k e",252
"d a",251
" di",251
"il ",250
"dee",250
"  s",250
"h l",248
"eyr",248
"r g",247
"m's",247
"dei",246
"een",245
" po",244
" oc",243
"-y-",242
"yan",242
"oid",242
"id ",241
"hin",240
"ne,",240
"egg",240
"v'a",240
", h",239
", m",239
" es",238
"mis",238
"ee-",238
"h j",237
"eos",237
"aas",236
"lei",236
"ck ",236
"onn",235
"u e",235
" ca",235
"h'n",234
"eis",233
"hig",233
"oon",233
"chr",233
"hea",232
"eig",232
"Cre",232
"jea",232
"r m",232
"rd-",231
"ee.",231
"'er",231
"  c",230
"y o",230
"sti",230
"nni",230
"hon",229
"iu,",229
"e h",228
" ai",228
" fi",228
", T",227
"oan",225
"ina",225
"oi ",225
"how",225
"nis",224
"ick",224
"hoa",223
"d s",223
"reg",222
" el",222
"ue ",222
"h f",221
"lio",220
"uoi",220
" en",219
"rei",218
", v",218
"ein",217
"e l",217
"ghr",217
"nsh",216
"jer",216
" Cr",216
"osh",216
"Son",212
"tia",212
"eri",211
"gol",211
"vee",210
"ur-",210
"ria",209
"eey",209
": s",209
"chu",209
" to",209
" vr",208
"daa",208
"; a",208
"soi",207
"ged",207
"e j",206
"ins",206
"ois",205
"loo",205
"hre",205
"ase",204
"coo",204
"aad",204
"rym",204
" ye",204
" cl",204
"yrr",204
"ou ",203
"Ta ",203
"  n",202
" os",202
"aan",201
"fer",201
"fir",201
"mys",201
"rys",201
"hra",200
" br",199
"vod",199
"s b",198
"rge",198
"ori",198
"my-",197
"ym'",197
" Ay",197
"tyl",197
"yrg",196
"ior",196
"wny",196
"ayl",196
" ji",195
" qu",195
"hro",195
"seo",194
"h h",193
"roi",193
"g d",193
"l y",193
" ja",193
"r  ",192
"h o",192
"t'a",192
"dja",192
" He",192
" eu",191
"has",190
" Ma",190
"Ayr",190
"oyl",189
"y-n",189
"d d",189
"w e",189
" bo",189
"Jee",189
"es ",188
" ei",188
"od ",187
"en,",186
"d y",186
"yss",186
"diu",186
"ryd",186
"a h",185
"h b",185
"hur",185
"thi",184
" Ta",184
"-ne",184
"pyr",184
"ryn",183
"eh'",183
"t Y",183
"oir",181
"hed",180
"e: ",180
"scr",180
" fa",180
"n b",179
", s",179
"a t",179
"ugg",179
"r t",179
"  v",178
"nny",178
" As",178
"Cha",176
"ner",176
"bbl",175
"yl ",175
"ran",175
"-my",175
"r-m",175
" ym",174
"dau",174
" us",174
"edj",174
"  y",173
"oas",173
"chl",173
"g a",173
"oor",172
"oh,",172
"Doo",172
"ant",171
"tro",171
"c y",171
"odd",171
"lla",170
"'s ",170
"see",170
"ta'",169
"fee",168
"l d",168
"tha",167
"ste",167
"  m",167
"her",166
"der",166
"m, ",165
"l m",165
"t y",165
"the",165
"n p",164
"hir",164
"t  ",164
"s j",164
"n j",163
"jag",163
"goa",163
"mme",163
"lau",162
"dag",161
"va'",161
"nia",161
"kio",160
"nic",159
"rn ",159
" gi",158
"kin",158
"rai",158
"yry",158
"t n",158
"aag",158
" fy",157
"bra",157
"gga",156
"n f",156
"h: ",156
"t r",155
"hla",155
"e'n",155
"ey:",155
"mmo",154
"n: ",154
"ils",153
"lsh",153
"t g",153
"n h",153
"fys",153
"dsy",153
" pa",152
"'ou",152
"ads",152
"eh.",151
"uit",151
"a f",151
"re'",151
" ya",151
"yr,",151
"art",151
"ys,",150
" no",149
"Mac",149
" sl",148
"mac",148
"rt,",148
"y H",148
" ea",148
"eiy",148
"inj",147
"yn-",147
"lhe",147
"fea",147
"s o",146
"hle",146
"las",146
"r h",146
"d n",145
"t h",145
"t'o",145
"ad,",145
" un",144
"cai",144
"quo",144
"ed ",143
"ah ",143
"  g",143
"hal",143
"spy",143
"s f",142
"ven",140
"r l",140
"hil",140
"oo.",140
"gh.",140
"ht,",139
"pob",139
"nys",139
"nym",139
"iyr",139
"he ",139
"hio",138
"ers",138
"mod",138
"a  ",138
"dre",138
"gle",138
"cor",137
"e-j",137
"ode",136
"mmy",135
"ie,",134
"an,",134
"era",134
"oc ",134
", V",134
"dro",134
"ihl",134
"mas",133
"y: ",133
"llo",133
"rn,",133
"iau",133
"nit",132
"oos",132
"-ch",132
"'s,",132
"Dy ",131
"st ",131
"t m",131
"gh-",131
"nt ",130
"e f",130
"t s",130
"mie",130
"sle",130
"aki",130
"Chi",130
"Hew",129
" Mo",129
" sm",129
"oal",129
"hll",129
"  r",128
"jal",128
"r Y",128
"ayd",127
"pha",127
"a a",126
"en-",126
"ieu",126
" sa",126
"ir ",126
"ewn",126
" yi",126
"rg ",125
"se,",125
"'ee",125
"ogg",125
"ggl",125
" rh",124
"ara",124
"rea",124
", N",124
"ias",124
"han",123
"ghl",123
" aa",123
"a g",123
"uss",123
" Ph",122
"rde",122
"  t",122
"-er",122
"u d",122
"cru",121
"foa",121
"vra",121
"a j",120
"ter",120
"le,",119
", S",119
"bea",119
" Hi",119
"uir",118
"man",118
"hyt",118
"nse",118
" Ea",118
"rus",117
"ham",117
"in,",117
"te ",117
"lli",116
"gal",116
"key",116
"it,",116
"s p",115
"She",115
"had",115
"voo",115
"'ay",114
"r-j",114
"hym",114
"dyr",114
"vaa",113
"sh.",113
"l r",113
"ora",113
"Hia",113
"ade",113
"n A",112
"d g",112
"hys",112
"  l",112
"d r",112
" s'",112
"t t",112
"aih",112
"ise",112
", l",111
"baa",111
"nje",111
" hr",110
"ear",110
"ush",109
"da'",109
". A",109
"vea",109
"ian",109
"a l",109
"o m",109
"ile",109
"air",108
", H",108
" sp",108
"w a",108
"a b",108
"ord",107
"k a",107
" ke",107
"o e",107
"val",107
" nh",107
"ynd",107
" Sh",106
"poo",106
"yei",106
"d t",106
"ey-",105
"hui",105
"  h",105
"Ny ",105
"hos",105
"shl",104
"ans",104
"nmy",104
"d  ",104
"Ean",104
"dys",104
"rty",103
"oia",103
"noi",103
"ee:",103
"enm",103
"gyn",103
"smo",103
"igg",102
"dor",102
"nhe",102
"t l",101
"bri",101
"jeu",101
"lan",101
"ona",101
"eru",100
"d o",100
"uee",100
"kia",100
"ysh",100
"aym",100
"u s",99
"goo",99
"jan",99
"t j",99
"ghi",99
"iam",99
"o a",98
"eck",98
"ama",98
"t v",98
"imm",98
" Na",98
"mon",98
"voi",97
"eid",97
"n'y",97
"ale",97
"-ym",97
"mer",97
"ing",96
"or ",96
"ynn",96
"e b",96
" du",96
"oys",96
"yn:",96
"s J",96
"Pha",96
"ani",96
"cla",95
" Pe",95
" ky",95
"-va",95
"ude",95
"d-v",95
"l o",95
"Cur",95
"gha",95
"au ",94
"urr",94
"tag",94
"pho",94
"na ",94
" oa",94
"rso",94
"-he",94
" pe",94
"Ped",94
"d l",93
" bi",93
"ver",93
"dje",93
" lu",92
"igh",92
"eu-",92
"lia",92
" Es",92
"rhy",92
"nda",92
"Nis",91
"gea",91
" Va",91
"ong",91
"eau",91
"yee",91
"My ",91
"ssi",91
"usa",91
"hel",91
", r",90
"doa",90
"can",90
"-yn",90
"r r",90
"hol",90
"hou",90
"d m",90
"oi-",90
"vre",90
"tos",90
"gy-",89
", M",89
" vi",89
"a y",89
"rit",89
"ros",89
"i-e",89
"ecc",89
"a o",88
" te",88
"len",88
"ilg",88
" dh",88
"o d",88
"tee",88
"paa",88
"n-o",87
"yrk",87
"d c",87
"ays",87
"ger",87
"woa",87
"y C",87
"l  ",86
"rda",86
"heu",86
"'ya",86
", D",86
"rke",86
"ue,",86
"l n",86
"sse",86
"ll,",85
"hlo",85
"eg ",85
"itt",85
"ign",85
"g, ",85
"n C",85
"Dre",85
"eni",84
"urg",84
"ali",84
"jei",84
"ben",84
"-sa",84
"sso",84
"-oy",83
"sit",83
"d-s",83
"y A",83
"arv",82
"rva",82
"d v",82
"tan",82
"dai",82
"kys",82
"ort",82
"er.",82
"dou",82
" wh",82
"iny",82
"u a",82
"oig",81
"c, ",81
" an",81
"  o",81
"h p",81
"g s",81
"yre",81
"aie",81
"ea ",81
"sth",80
"  b",80
"u g",80
"u m",80
" Dy",80
"lur",79
"goy",79
" Ve",79
"ssy",79
"eie",79
"al,",79
" Si",79
"ess",79
"h-s",79
"rah",79
"-re",78
"yne",78
"hor",78
"riw",78
"nle",78
"sal",78
"lit",78
"dhy",78
"cca",78
"Tra",77
" ga",77
" Ha",77
"ar,",77
"r o",77
"in.",77
"aig",77
"ht.",77
", j",77
"nan",76
"our",76
"abb",76
"  j",76
"jyn",76
"Quo",76
"ey?",76
"ind",76
"lea",76
"ssa",75
"y k",75
"nty",74
"myg",74
"gee",74
" Cu",74
"-sp",74
"Nag",74
"cui",73
"chy",73
"unn",73
"ira",73
"nah",73
"gei",73
"e; ",73
"arl",73
"lie",73
"bog",73
"dde",73
" Jo",73
"est",73
", b",73
"rd ",72
"eal",72
"Jer",72
"lem",72
"t c",72
"'n-",72
"jey",72
"liv",72
"n-y",72
" in",71
"iwn",71
"l f",71
"h J",71
"tyr",71
"kea",71
"un ",71
"yrn",71
"yin",71
"amb",71
"mbl",71
"lil",71
"a Y",71
"gin",70
"e Y",70
"n-f",70
" ob",70
"oh.",70
"eth",69
"d f",69
"may",69
"y P",69
"on,",69
"w y",69
"m e",69
" im",69
"loy",68
"u c",68
"ne.",68
"kyn",68
"'sy",68
"eh-",68
"h-h",68
"eas",68
"rch",67
"toi",67
"hta",67
"g y",67
"dec",67
"iee",67
"en.",67
"l g",67
"gow",67
"u h",67
"idj",66
" My",66
"c d",66
"y-k",65
"-ki",65
", y",65
"nyd",65
" 's",65
"o  ",65
"tal",65
"den",65
" Be",65
"Sim",65
"n; ",64
"ber",64
"ydy",64
"u y",64
"ny-",64
"oam",64
":  ",64
"rud",64
"l t",64
"anl",64
" Ga",64
"ras",63
"e p",63
"o s",63
" gl",63
"o y",63
" sy",63
"an-",63
"iu.",63
"o n",63
"inl",63
"ow-",63
"amy",62
"ym,",62
"cas",62
"ere",62
"r f",62
"-mo",62
"ud ",62
"ent",62
"gag",62
"roy",62
"oym",62
"n u",62
"sca",62
"ais",62
"w-j",62
"mes",62
"imo",62
"eed",61
"arg",61
"t: ",61
"rui",61
"  f",61
" ir",61
"oud",61
"ivr",61
"n M",61
"tt ",61
"pec",61
"ndy",61
"ila",61
" pr",60
"eca",60
"Myr",60
"n'i",60
"og ",60
"y i",60
"rt.",60
"au,",60
"r-g",60
"bal",60
"hes",60
"ey;",60
"boo",60
"t f",59
"gne",59
"str",59
"uey",59
"ach",59
"dju",59
"ys.",59
" hy",59
"h Y",59
"ate",59
"eam",58
"eei",58
"idy",58
"lym",58
"vai",58
" oi",58
"dda",58
" ol",58
"adj",58
"ag ",58
"oo:",58
"il,",57
"amm",57
"aa,",57
" ae",57
"r: ",57
"Ham",57
"; s",57
"log",57
"y; ",57
"Bee",57
"eyd",57
"nsa",57
"mra",56
", f",56
"eeu",56
"Est",56
"re-",56
"bbe",56
"h; ",56
"sea",56
"amr",56
"coa",56
"n-j",56
" od",56
"a J",56
"ric",56
"lat",56
"yde",56
"ihy",56
"ban",55
"ir-",55
"k, ",55
"yny",55
"mey",55
" fr",55
"dug",55
"ues",55
"ie.",55
" Qu",55
"-ge",55
"k n",55
"oss",55
"bas",55
"k y",54
"iea",54
"eu,",54
"m d",54
"t o",54
"gue",54
"Vai",54
"-gh",53
"mma",53
"sar",53
"e k",53
"nn ",53
"ih'",53
"yn?",53
"neu",53
"Gal",53
", E",53
"lt ",53
" Pi",53
"Pil",53
"-fe",52
"d j",52
"sla",52
"beg",52
"h k",52
"nte",52
"Mor",52
"eys",52
"uil",52
"vri",52
"yge",52
"sy ",52
"gia",52
"iat",52
"yms",52
"rie",52
"o r",52
"eel",52
"bbr",52
"lho",52
"s: ",52
"eh:",52
"o: ",52
"yra",52
"irv",51
"rve",51
"ngo",51
" Do",51
"fo ",51
"l: ",51
"ych",51
"c e",51
"cri",51
"s k",51
" Ny",51
"thr",51
"h? ",51
"faa",51
"-do",51
"pad",51
"ee'",51
"uin",51
" Ab",50
"lys",50
"i, ",50
"veg",50
"ll.",50
"var",50
", J",50
"Vel",50
"fod",50
"car",50
"eac",50
"gre",50
" Is",50
"n Y",50
"u: ",50
"yd,",50
"et,",50
"ng ",49
"sto",49
"id,",49
"it.",49
"cro",49
"sh:",49
"u n",49
"'s.",49
"jir",49
"any",48
" mr",48
"gly",48
"jiu",48
", Q",48
"o g",48
"'oi",48
"an.",48
"st'",48
"k m",48
"u j",48
"eoi",47
"agl",47
"o h",47
"bby",47
"esy",47
"mre",47
"odj",47
"eai",47
"rau",47
"ym.",47
" ti",47
" El",47
"cag",47
"Esh",47
", A",46
"oc,",46
"moi",46
"myc",46
"clo",46
"yrj",46
"jue",46
"cra",46
"u  ",46
"n i",46
"ynr",46
"bba",46
"y-c",46
"bio",46
"y u",46
" Gh",46
" Sa",46
"Eli",46
"c Y",46
"uai",46
"yr.",46
"fen",45
"aeg",45
"l v",45
"em,",45
"git",45
"aa-",45
"iha",45
"ery",45
"o o",45
"gh:",45
"n? ",45
", k",45
"tre",45
"que",45
"whe",45
"e'm",45
"olt",45
"ses",45
" Ba",45
"Moi",45
"al.",45
"als",45
"phr",44
"gen",44
", B",44
" Ca",44
"le.",44
"oit",44
"o c",44
"a M",44
"da,",44
"m y",44
"aid",44
" ak",44
"t' ",44
"y Y",44
": t",44
"Her",44
"ero",44
"ee?",43
"ckl",43
"i e",43
"n E",43
"h u",43
"ms ",43
"ien",43
"-ye",43
"rr ",43
"ea,",43
"til",43
"aua",43
"rna",43
"lta",43
"rod",43
"fol",43
"lse",43
"d h",43
"s S",42
" ry",42
"r b",42
"lis",42
"l c",42
"rle",42
"lom",42
"oma",42
"ai ",42
"fre",42
"san",42
"o t",42
"ioy",42
"em'",42
"yt,",42
"ana",42
"Sho",42
"osy",42
"ee;",42
"m a",42
"hli",42
"ygh",42
"eny",42
"owr",42
"us ",41
"hri",41
"yn;",41
"ry-",41
"egi",41
"too",41
"o l",41
"t b",41
"ir,",41
"  p",41
"w, ",41
"app",41
"k s",41
": c",41
"amo",41
"ue.",41
"? a",41
"fak",41
"asa",41
"ead",41
"alt",41
"elo",41
", G",41
" Sp",41
"Spy",41
"vac",41
"neo",41
"orp",41
" si",40
"far",40
"m c",40
"e u",40
"y S",40
"me ",40
"y-y",40
"oh?",40
"ey'",40
"w s",40
"'gh",40
"ont",40
"lge",40
"jim",40
"u f",40
"cow",40
"s E",39
"ial",39
"g n",39
"zar",39
"haa",39
"-lh",39
"eus",39
"olk",39
"rma",39
" ed",39
"dym",39
"sai",39
"van",39
"ral",39
"rim",39
", I",39
"jar",39
"aza",39
" r'",39
"r'e",39
"eui",39
"s Y",39
"toy",38
"erc",38
"ck,",38
"cli",38
"hob",38
"sei",38
"eir",38
"e-e",38
"am ",38
"vio",38
"boa",38
"s q",38
"eem",38
", O",38
"bre",38
"gym",38
"oue",38
"uei",38
"g  ",38
"umm",38
"nie",38
"? A",38
"avi",38
"vid",38
"dea",38
"mol",38
"h. ",38
"ylt",38
"e A",37
"n k",37
"bai",37
"arc",37
" tu",37
"owa",37
"wal",37
"sky",37
"g j",37
"tas",37
"byr",37
"yt ",37
"glo",37
"dir",37
"n'o",37
"n'g",37
" So",37
"tar",37
" Go",37
"aia",37
"ll-",37
"eme",37
"ron",37
"gir",37
"e-c",37
"rta",36
"ik ",36
"as,",36
"ena",36
"nso",36
"jig",36
"il.",36
"y-h",36
"er:",36
"tys",36
"ied",36
"acc",36
"se.",36
"d: ",36
"Er-",36
"nea",36
" gu",36
" No",36
"ael",36
"Gow",36
"? D",36
"eeo",35
"rgi",35
"gid",35
"ath",35
"Yn ",35
"ock",35
" Ja",35
"Va ",35
"at ",35
"nri",35
", q",35
"e? ",35
"rje",35
"ood",35
"tty",35
"e. ",35
"arm",35
"u u",35
"vak",35
"au.",35
"uck",35
"erg",35
"yio",35
"iow",35
"noa",35
"ysy",35
"Ayn",34
" pu",34
"ugh",34
"tay",34
"i y",34
"kee",34
"Lhi",34
" Yu",34
"hay",34
"sod",34
"mai",34
", Y",34
"ljy",34
" wo",34
"ura",34
"Gha",34
"Abr",34
"cah",34
"l-r",33
"sta",33
"l l",33
"gai",33
"n. ",33
"ah,",33
"h q",33
"a E",33
"rsk",33
"da.",33
"ghn",33
"hni",33
"ows",33
"wse",33
": n",33
"ark",33
"cky",33
"mad",33
"yeh",33
"st,",33
"'m ",33
"aha",33
" ru",33
"m m",33
"add",33
"k Y",33
"t's",33
"oo?",33
"rhe",32
"n P",32
"s i",32
"att",32
"us,",32
" sk",32
"tow",32
", L",32
"ggi",32
"lg ",32
"syr",32
"y w",32
"lte",32
"cee",32
"ilt",32
"u r",32
"ido",32
"Mos",32
"hau",32
"Nee",32
"yna",32
"a-d",32
"ide",31
"rca",31
" jy",31
"d b",31
"pee",31
"aik",31
"bil",31
"r-l",31
"m r",31
"a p",31
"r E",31
"cap",31
"ysl",31
" Ei",31
"y-m",31
"Jea",31
"lui",31
" O ",31
"nry",31
"rn.",31
"eh?",31
"l b",31
"'ir",31
"yca",31
"Isr",31
"sra",31
"u l",31
"u v",31
"phe",31
"uyr",31
"ang",31
" Ah",30
"s M",30
"ary",30
"yrl",30
"y-l",30
"tei",30
"das",30
"ioo",30
"ie:",30
"ack",30
"y-b",30
"a: ",30
"Imm",30
"n's",30
"ih,",30
"adl",30
"asl",30
"fos",30
"am,",30
"s P",30
"cum",30
"uri",30
"? c",30
"l h",30
"e-y",30
" bw",30
"y. ",30
"ac,",30
"ala",30
"rae",30
"Ta'",30
"yr-",30
" T'",30
"s G",30
"Aha",29
"asu",29
"sue",29
"uer",29
"gar",29
"n-r",29
"Er ",29
"kle",29
"eue",29
"y'n",29
"rec",29
"c s",29
"c n",29
"em ",29
": e",29
"dle",29
"-ma",29
" Er",29
"g o",29
"aro",29
"eph",29
"ryc",29
"t P",29
"aer",29
"ad.",29
"u-g",29
"s C",28
"c J",28
"ghu",28
"hue",28
"on.",28
" m'",28
"iy ",28
"osl",28
"dui",28
"a k",28
"n J",28
"g-j",28
"d's",28
"eu.",28
"s w",28
"n S",28
"Jos",28
"rug",28
"Bet",28
"oog",28
"ngy",28
", R",28
"luc",28
"rp ",28
"iu:",28
"u t",28
"e-o",28
"cke",28
"myl",28
"gog",28
"wre",28
"nce",27
"giu",27
"nja",27
"ske",27
"r P",27
"y M",27
"ow,",27
" Ne",27
"e M",27
"asy",27
"y? ",27
" Da",27
"ne:",27
" mu",27
"low",27
"' o",27
"msh",27
"Jon",27
"d N",27
"yes",27
" Ju",27
"Jud",27
"rte",27
"Ban",27
"l p",27
"ago",27
"ng,",27
"ngl",27
"c  ",26
" jo",26
" ur",26
"osa",26
"csy",26
" Lh",26
" by",26
"him",26
", i",26
"usy",26
"-ba",26
"w n",26
"-ee",26
";  ",26
"k  ",26
"rou",26
"ims",26
", K",26
"sau",26
"per",26
"sep",26
"Noo",26
"Gra",26
"dan",26
"iur",26
"rk ",26
". D",26
"heg",26
"ndi",25
"hus",25
"coy",25
"yrd",25
"hti",25
"ocs",25
"t p",25
"-lo",25
"gla",25
"e E",25
" Ni",25
