"あなた",14979
"わたし",13607
"である",6405
"なたが",6099
"、あな",5381
"たがた",5276
"、その",5242
"、わた",5015
"ある。",4924
"った。",4798
"って、",4384
"たしは",4361
"ない。",4283
"なたの",4131
"た、「",3719
"ように",3699
"言った",3484
"らない",3342
"ている",3068
"たしの",3049
"った、",2995
"ならな",2908
"ること",2807
"すべて",2780
"ラエル",2631
"イスラ",2630
"スラエ",2630
"ために",2514
"のよう",2334
"なたは",2304
"あろう",2277
"たので",2252
"彼らは",2218
"さい。",2193
"であろ",2192
"した。",2169
"のため",2118
"エルの",2091
"言われ",2088
"ってい",2086
"ことを",2083
"べての",2003
"なさい",1921
"して、",1869
"イエス",1849
"、また",1841
"られた",1781
"ければ",1779
"なけれ",1757
"、彼ら",1727
"しかし",1712
"のうち",1712
"はあな",1705
"ので、",1695
"られる",1693
"かった",1684
"ばなら",1683
"そして",1670
"これを",1666
"がたの",1661
"はその",1646
"であっ",1644
"ればな",1636
"からで",1612
"あった",1592
"ことが",1591
"ろう。",1582
"がたは",1521
"。わた",1519
"われた",1514
"われわ",1492
"れわれ",1492
"のであ",1486
"なかっ",1468
"たした",1432
"れた。",1430
"くださ",1425
"たしを",1422
"らであ",1400
"もって",1399
"たしに",1396
"たしが",1395
"よって",1394
"したち",1393
"によっ",1384
"たちは",1378
"すなわ",1375
"なわち",1375
"。あな",1373
"るであ",1372
"をもっ",1346
"の人々",1319
"、これ",1301
"ださい",1297
"たが、",1265
"に言っ",1265
"彼らの",1265
"された",1254
"および",1241
"れる。",1234
"はわた",1231
"そこで",1225
"それを",1210
"いた。",1206
"て、そ",1195
"、それ",1194
"ていた",1187
"から、",1154
"ダビデ",1135
"はなら",1133
"たちの",1119
"あって",1114
"てはな",1094
"われる",1082
"自分の",1081
"はない",1067
"れた、",1060
"ったの",1051
"彼らを",1049
"うに、",1031
"なたに",1020
"の前に",1018
"ました",1016
"てくだ",994
"なたを",991
"彼らに",990
"た。そ",984
"るよう",972
"これは",970
"うして",970
"、この",962
"ひとり",949
"なった",948
"ができ",947
"は彼ら",944
"ではな",944
"ことは",943
"しょう",941
"ところ",936
"い」。",925
"。その",923
"うちに",921
"の言葉",915
"とがで",914
"たから",906
"として",901
"かし、",898
"にある",896
"と共に",892
"ささげ",890
"モーセ",889
"してい",887
"される",886
"の上に",871
"て言っ",868
"の神、",865
"神、主",863
"、「あ",858
"かって",856
"ます。",853
"ると、",852
"「あな",844
"るので",842
"また、",841
"て、わ",840
"いて、",836
"行って",832
"サレム",828
"いる。",828
"エルサ",824
"ルサレ",824
"、主の",820
"。彼ら",818
"る者は",812
"もろも",811
"ろもろ",811
"もろの",811
"、「わ",804
"のです",788
"。それ",783
"て、あ",782
"これら",779
"。これ",774
"人々は",773
"えられ",771
"なく、",766
"のすべ",765
"エジプ",758
"ジプト",758
"です。",756
"しはあ",745
"たこと",738
"さい」",738
"「わた",736
"がたに",736
"の子孫",734
"れてい",731
"う」。",729
"たは、",729
"になっ",728
"ならば",727
"るため",724
"はまた",720
"があな",716
"れらの",714
"たちに",708
"、イス",707
"」と言",699
"ついて",699
"エスは",697
"らば、",693
"あり、",692
"めに、",689
"それは",688
"、すべ",687
"、われ",685
"とき、",683
"には、",681
"は言っ",675
"ないで",674
"か」。",670
"につい",670
"の中に",670
"びとの",666
"とその",662
"は、わ",661
"行った",658
"ルの人",657
"見よ、",655
"。そし",649
"。しか",646
"せられ",641
"るから",640
"れたの",638
"は、あ",633
"ません",629
"れる、",627
"んだ。",626
"しもべ",625
"こうし",621
"よ、わ",620
"でしょ",619
"と言っ",615
"のこと",614
"、自分",612
"リスト",612
"キリス",611
"がわた",609
"、主は",607
"いるの",605
"うか。",601
"たちを",600
"なって",599
"る」。",598
"したが",595
"。また",594
"に言わ",592
"その子",591
"きて、",584
"はこれ",582
"言葉を",582
"ってき",581
"者は、",581
"、イエ",579
"もので",578
"てきた",577
"ユダの",577
"たちが",575
"にした",574
"者たち",574
"なり、",573
"のは、",573
"は言わ",571
"子たち",569
"れば、",563
"のもの",560
"つかわ",560
"を受け",554
"められ",554
"われの",553
"ごとく",552
"ようと",552
"い。そ",551
"がない",551
"、わが",551
"立って",550
"のか。",546
"るもの",545
"その人",545
"主よ、",543
"たの神",539
"て、こ",532
"は、そ",530
"だから",529
"よ、あ",526
"り、そ",525
"ないか",523
"がある",521
"彼らが",519
"す」。",517
"います",512
"ような",508
"がたが",507
"できな",506
"。すな",504
"ためで",504
"る。そ",503
"すると",501
"もとに",500
"ことご",500
"とごと",500
"とおり",499
"るなら",499
"にいる",498
"になる",497
"ですか",495
"ても、",495
"て行っ",494
"うとし",493
"い。わ",491
"に、あ",490
"れるで",487
"なら、",481
"がって",480
"し、そ",479
"たもの",477
"預言者",477
"をあな",476
"わち、",474
"そこに",474
"のもと",474
"。彼は",473
"はこの",472
"て、彼",468
"おられ",468
"ちは、",468
"れるこ",467
"人たち",467
"の子ら",465
"に与え",464
"って行",463
"それゆ",462
"れゆえ",462
"われは",460
"ヤコブ",459
"にはい",458
"ことに",457
"れて、",455
"がたを",455
"はこう",454
"があっ",453
"めであ",452
"となっ",451
"多くの",449
"れない",448
"しは、",447
"ゆえ、",446
"た。彼",444
"ないの",444
"にむか",443
"うにな",442
"うこと",441
"の兄弟",439
"サウル",439
"、すな",437
"なる神",437
"たはわ",437
"てあな",435
"となる",434
"ったか",434
"言って",433
"を与え",432
"にわた",431
"れた者",430
"とする",429
"できる",428
"をつか",427
"に、わ",427
"てきて",427
"るのを",427
"つるぎ",426
"たちと",426
"こう言",424
"主なる",423
"する者",423
"ろうか",423
"っては",423
"このよ",423
"がその",422
"の手に",422
"んでい",421
"ょう。",420
"、主が",420
"その時",418
"、彼は",417
"いなる",416
"は、こ",414
"の家に",414
"それで",412
"とは、",412
"たよう",411
"ある」",411
"きない",409
"と、そ",408
"テびと",408
"ろう」",407
"むかっ",407
"されて",405
"したの",405
"をささ",405
"人々の",403
"とを、",401
"て彼ら",399
"はみな",397
"かわし",397
"、神の",396
"を聞い",396
"これに",394
"た。こ",394
"すれば",393
"いなさ",393
"』と言",393
"から出",392
"を見て",391
"にあっ",391
"どうし",390
"ものを",389
"うにし",389
"を取り",389
"あるか",389
"聖なる",389
"大いな",386
"聞いて",386
"ない」",386
"、主に",385
"い。あ",384
"一緒に",383
"のない",380
"者であ",379
"が、そ",379
"ビデは",378
"をわた",377
"知って",376
"つかさ",375
"正しい",375
"ルの子",375
"ったが",374
"で、彼",373
"てその",373
"となり",372
"せた。",372
"とりの",372
"主は言",372
"にして",371
"たとき",371
"られて",371
"ありま",371
"という",370
"ぶどう",369
"はいっ",367
"に対し",367
"アロン",365
"ものは",363
"兄弟た",363
"ロンの",363
"られ、",363
"弟たち",362
"れは、",361
"、およ",361
"は自分",360
"たその",360
"いって",360
"対して",359
"はイス",359
"のを見",357
"うであ",357
"、どう",356
"ころに",355
"ユダヤ",355
"れるの",354
"持って",354
"るのか",353
"いよう",352
"は主の",352
"いであ",352
"てわた",352
"の所に",352
"に向か",350
"してく",348
"りであ",348
"りませ",347
"きなさ",346
"なる。",345
"に仕え",344
"して彼",343
"ンの子",342
"つくし",342
"とした",341
"人々に",341
"えた。",340
"し、あ",339
"とはな",338
"ことで",337
"で、わ",336
"はなく",336
"しない",336
"が、あ",335
"プトの",335
"しては",335
"アブラ",334
"、ユダ",333
"ソロモ",333
"ロモン",333
"すこと",332
"ないよ",332
"であり",332
"ことの",331
"よりも",331
"、そこ",330
"またそ",330
"のおの",330
"たがっ",329
"をその",329
"を食べ",328
"いてい",327
"する。",327
"があり",327
"です」",326
"にささ",326
"のしも",326
"って言",326
"のとこ",325
"。この",323
"る。わ",323
"われら",323
"ちから",322
"に告げ",322
"るべき",322
"に命じ",321
"ましょ",321
"にあな",321
"ふたり",320
"取って",318
"た時、",317
"をする",317
"させ、",316
"う言わ",316
"ビデの",316
"おのお",315
"ビびと",315
"行き、",315
"リヤの",314
"、ひと",314
"の人は",314
"に、そ",313
"にいた",313
"で、そ",313
"る。彼",312
"キュビ",312
"ュビト",312
"ゆえに",312
"そうす",312
"るでし",310
"を恐れ",310
"ってお",309
"せん。",309
"しは彼",309
"えて、",309
"いこと",309
"からだ",308
"それに",307
"向かっ",307
"バビロ",307
"ビロン",307
"連れて",306
"その日",306
"た。す",305
"、だれ",305
"ない、",305
"んで、",304
"て、主",303
"主の前",303
"いった",302
"。そう",302
"ヨセフ",301
"とがな",301
"ペリシ",300
"リシテ",300
"いたの",299
"レムに",298
"を見た",297
"一つの",296
"きた。",296
"の子た",296
"い。こ",296
"の地に",295
"エルは",295
"しい者",295
"せてく",295
"ダヤ人",295
"の先祖",294
"人々が",294
"ておら",293
"と一緒",293
"し、わ",293
"主はこ",293
"はそれ",292
"めた。",292
"うすれ",291
"シュア",291
"けた。",290
"おりで",290
"が彼ら",290
"シテび",290
"をして",289
"のある",288
"の事を",287
"とであ",287
"まで、",287
"に立っ",287
"レビび",287
"人の子",286
"れらは",286
"万軍の",286
"い。彼",285
"おまえ",285
"もまた",285
"の氏族",285
"に従っ",285
"しなさ",284
"の部族",284
"て言わ",283
"。主は",283
"られま",283
"なたと",283
"ころが",283
"くこと",282
"ほかの",282
"ーセに",282
"の名を",281
"る。こ",280
"するこ",280
"こで、",279
"びとは",279
"と言わ",278
"らに言",278
"スリヤ",277
"あるこ",277
"帰って",277
"にその",276
"ょう」",276
"る。あ",276
"る者の",276
"ーセは",276
"れまし",275
"ンびと",275
"をこと",275
"とを知",275
"いる者",275
"人であ",274
"の前で",274
"まって",274
"罪を犯",274
"と言う",274
"でいる",273
"は彼に",273
"さばき",273
"る神は",272
"を滅ぼ",272
"主の言",272
"ながら",272
"してあ",271
"とし、",270
"に行っ",270
"いから",269
"じられ",269
"あわれ",269
"のかた",268
"を取っ",268
"ない者",268
"い」と",268
"ヤの子",268
"ラハム",267
"うちか",266
"のに、",266
"の民の",266
"を捨て",266
"させる",266
"れから",265
"ブラハ",265
"れます",265
"知らな",265
"ります",264
"たのは",264
"いか。",264
"エスに",264
"見て、",263
"る者が",263
"っても",263
"が、わ",263
"出して",262
"ます」",262
"しなけ",262
"、エル",261
"って彼",260
"、おの",260
"、ある",260
"の日に",259
"たあな",259
"ここに",259
"り、ま",258
"従って",258
"上って",257
"して言",256
"うに。",256
"そのと",255
"ていま",255
"に住む",255
"するの",255
"を求め",255
"のとお",254
"あがな",254
"悪しき",254
"れると",252
"その家",252
"を離れ",251
"をした",251
"たちよ",251
"、「主",251
"かれた",250
"むべき",250
"るが、",250
"なるで",249
"どうぞ",249
"の家の",249
"わして",249
"弟子た",249
"その所",248
"すか」",248
"を行う",248
"軍の主",248
"らは、",247
"聞いた",247
"死んだ",247
"ったこ",247
"、かつ",247
"いると",247
"て、イ",247
"きょう",246
"たのう",246
"与えら",246
"れたか",245
"いまし",245
"マリヤ",244
"エスの",244
"だれが",243
"ってく",243
"どうか",243
"のもろ",243
"まった",242
"えるこ",242
"答えて",242
"または",242
"がよい",242
"さげる",242
"けられ",241
"彼女は",241
"を殺し",241
"るとき",241
"いるこ",241
"ようで",241
"ものと",240
"滅ぼし",240
"しるし",239
"しはこ",239
"、「こ",239
"、もろ",238
"ヨシュ",238
"殺した",237
"とって",237
"それか",237
"主の宮",237
"びと、",236
"をあげ",235
"を建て",235
"しがあ",235
"た」。",234
"とがあ",234
"すか。",233
"ルの王",233
"を知ら",233
"だろう",233
"もない",233
"とこし",233
"こしえ",233
"たしと",232
"そうと",232
"はすべ",232
"るまで",232
"うとす",232
"うちの",232
"エスを",232
"ちに、",231
"たすべ",231
"あかし",231
"て下さ",231
"は答え",230
"いない",230
"き、そ",230
"しあな",230
"を彼ら",230
"のでは",229
"れる者",229
"らです",228
"る者を",228
"供え物",227
"のゆえ",227
"はわが",227
"ら、わ",226
"で、あ",226
"えて言",226
"与える",225
"いては",225
"へ行っ",225
"また彼",225
"パウロ",225
"取り、",224
"子らは",224
"おり、",224
"この人",224
"では、",224
"殺され",224
"愛する",224
"あるい",224
"ていな",223
"を知っ",223
"られな",223
"にも、",223
"命じら",223
"いつく",223
"た。わ",222
"の人が",222
"りなさ",222
"の町々",222
"レムの",222
"きたの",222
"をほめ",222
"またあ",221
"の民を",221
"ば、そ",221
"らなか",220
"たのか",220
"よう。",220
"しよう",220
"るのは",219
"ての人",219
"り、あ",219
"おいて",219
"らせ、",218
"を見る",218
"に住ん",218
"のがれ",218
"出て行",218
"彼に言",217
"らなけ",217
"るいは",217
"のひと",216
"いので",216
"の時、",216
"につか",216
"た者は",216
"ため、",215
"の子は",215
"とどま",215
"のつか",215
"りまし",215
"その中",215
"に答え",214
"ルの神",214
"れたこ",213
"され、",213
"。そこ",212
"わって",212
"とされ",211
"の間に",211
"ら、あ",211
"。こう",211
"た、『",211
"ょうか",210
"らはそ",210
"さい、",210
"わなけ",210
"ある者",210
"あるの",209
"その上",209
"を立て",209
"り、わ",209
"の人の",209
"を犯し",209
"ないと",209
"主であ",209
"と、あ",208
"わせて",208
"は彼を",208
"中から",208
"生きて",208
"ったと",208
"してお",208
"ようか",208
"るされ",208
"モアブ",208
"またわ",208
"てこれ",208
"ライム",207
"びとを",207
"を攻め",207
"れるか",207
"になり",206
"エルに",206
"、彼を",206
"、もし",206
"におい",205
"ずから",205
"い。ま",205
"エフラ",205
"、祭司",205
"えてい",204
"受ける",204
"でも、",204
"人々を",204
"呼ばわ",204
"さない",203
"の子で",203
"よい。",203
"しき者",203
"えさせ",202
"ついに",202
"ろうと",202
"、そし",202
"させた",201
"の中か",201
"携えて",201
"言いな",201
"いもの",201
"れたと",200
"わざを",200
"の中で",200
"めて、",200
"とが、",200
"いで、",200
"くしみ",200
"てしま",200
"ヤミン",200
"は、彼",200
"仰せら",200
"し、ま",199
"を治め",199
"ヨルダ",199
"ルダン",199
"て、「",199
"、キリ",199
"食べる",198
"。もし",198
"祭壇の",198
"い、そ",198
"ことも",198
"与えた",197
"の人を",197
"の子を",197
"えに、",197
"おこな",197
"のほか",197
"、人々",196
"、彼の",196
"滅ぼさ",196
"でくだ",196
"わされ",196
"その地",195
"この事",195
"しまし",195
"て行き",195
"がこれ",195
"をおお",194
"手から",194
"ルびと",194
"に臨ん",194
"いるか",194
"るか。",194
"モンの",194
"けて、",193
"の人に",193
"う。そ",193
"下って",193
"す。わ",193
"れ、そ",193
"、ダビ",193
"を知る",192
"る。す",192
"れるよ",192
"をしな",192
"たち、",192
"の幕屋",192
"にする",191
"うちで",190
"らせた",190
"わった",190
"王たち",190
"たなら",190
"げられ",190
"の子、",190
"るすべ",189
"れはあ",189
"子であ",189
"も、あ",189
"恐れる",189
"』」。",189
"る、「",189
"ニヤミ",189
"フライ",189
"しえに",189
"ダの王",189
"ヤびと",189
"のか」",188
"はわれ",188
"わない",188
"。われ",188
"の地を",187
"かれる",187
"たたえ",187
"あらわ",187
"てられ",187
"のとき",186
"も、そ",186
"すでに",186
"にきた",186
"神よ、",186
"主はわ",186
"ベニヤ",186
"らせる",186
"祖たち",186
"る者に",186
"ンの王",186
"たのた",185
"の手か",185
"にきて",185
"いたが",185
"、エジ",185
"べきで",185
"を、あ",185
"、主を",185
"が、彼",185
"て行く",185
"ば、わ",185
"そのよ",184
"造った",184
"に、こ",184
"れたも",184
"部族の",184
"知らせ",183
"与えて",183
"エルを",183
"と言い",183
"まこと",183
"たわた",183
"おきて",183
"ペテロ",183
"たはそ",182
"に帰っ",182
"者があ",182
"る人々",182
"はでき",182
"先祖た",182
"求める",182
"ナタン",182
"える。",181
"、彼に",181
"滅ぼす",181
"ってそ",181
"『あな",181
"らせて",180
"言葉が",180
"ての民",180
"せる。",180
"うか」",179
"この地",179
"った者",179
"の下に",179
"させて",179
"を得る",179
"らず、",179
"さて、",178
"出され",178
"答えた",177
"を持っ",177
"彼はそ",177
"たの子",177
"あげて",177
"きる。",177
"くなっ",176
"のその",176
"ほめた",176
"か。あ",176
"エスが",176
"そのす",175
"った時",175
"る」と",175
"げた。",175
"なんの",175
"めたた",175
"い、『",175
"王とな",175
"シオン",175
"した」",174
"る者と",174
"共にい",174
"出し、",174
"の道を",174
"ら出て",174
"その兄",174
"による",174
"なこと",174
"たりの",173
"は彼の",173
"ただし",173
"してそ",173
"二つの",172
"とをし",172
"したか",172
"契約を",172
"れさせ",172
"みずか",172
"もしあ",172
"の子ヨ",172
"」と。",172
"幕屋の",172
"せよ。",171
"どんな",171
"住んで",171
"し、彼",171
"、ただ",171
"たの前",171
"はあり",171
"しわた",171
"、『わ",171
"『わた",171
"を助け",171
"、見よ",171
"の名は",170
"人は、",170
"びその",170
"を守る",170
"もなく",169
"を追い",169
"にとど",169
"かたわ",169
"たわら",169
"ムエル",169
"出てき",169
"るぎを",169
"ストの",169
"ずかし",168
"ょう、",168
"われを",168
"してわ",168
"たちも",168
"うか、",168
"え、わ",168
"いのか",168
"祭司は",168
"ウルは",168
"レミヤ",168
"合わせ",167
"でわた",167
"は、い",167
"を捕え",167
"ってこ",167
"て来る",167
"ば、あ",167
"に彼ら",167
"ルの家",167
"言葉に",166
"と、彼",166
"た。し",166
"ってあ",166
"の祭壇",166
"は、神",166
"ベアム",166
"神はこ",165
"者とな",165
"命じて",165
"パンを",165
"い出し",165
"なりま",165
"ってわ",165
"臨んだ",165
"とはで",165
"を行っ",165
"の宮の",165
"れなか",164
"の国民",164
"とに、",164
"子よ、",164
"自分を",164
"の周囲",164
"きてい",164
"かさた",164
"言う、",164
"こから",163
"ては、",163
"であな",163
"てくれ",163
"むこと",163
"ぼされ",163
"いでく",163
"かない",163
"たはこ",163
"らはわ",163
"の栄光",163
"は、す",162
"は神の",162
"しはそ",162
"カナン",162
"る時、",162
"か。わ",162
"よびそ",162
"はいる",162
"セに言",162
"貧しい",162
"ほかに",161
"ロンに",161
"がなく",161
"、こう",161
"の神の",161
"のわざ",160
"さった",160
"たのだ",160
"、こと",160
"、彼女",160
"。どう",160
"主にさ",160
"さたち",160
"これが",159
"もはや",159
"とのな",159
"、ほか",159
"、みな",159
"出て、",159
"に行き",159
"をさば",159
"におら",159
"たとい",159
"がこの",158
"離れて",158
"くなる",158
"」。彼",158
"なくな",158
"の民は",158
"をつく",158
"ムの子",158
"出した",158
"々は、",158
"その民",158
"アブの",158
"行い、",158
"よ、主",158
"ヨアブ",158
"スは彼",158
"は主に",157
"としな",157
"異邦人",157
"ろの国",157
"につけ",157
"に投げ",157
"マナセ",157
"はモー",157
"サムエ",157
"にあり",156
"集まっ",156
"われに",156
"せよう",156
"れたよ",156
"あると",156
"ある人",156
"か」と",156
"た、あ",156
"ことな",156
"う仰せ",156
"ヨハネ",156
"を信じ",155
"おりに",155
"愚かな",155
"める者",155
"もの、",154
"しても",154
"に、彼",154
"て、エ",154
"ンモン",154
"、『あ",154
"の民に",154
"前から",154
"はユダ",154
"、王の",154
"を行い",154
"こう仰",154
"エレミ",154
"せて、",153
"を聞き",153
"に立ち",153
"きまし",153
"もし、",153
"をなし",153
"大きな",152
"の地の",152
"れて行",152
"、人の",152
"「この",152
"ちよ。",152
"い者は",152
"シケル",152
"にし、",152
"、モー",152
"怒りを",152
"安息日",152
"ビデに",152
"けない",151
"て、自",151
"ダンの",151
"で、こ",151
"祭司た",151
"司たち",151
"アッス",150
"ッスリ",150
"の契約",150
"仕える",150
"に出て",150
"を撃ち",150
"イサク",150
"われみ",150
"を、わ",150
"レアデ",150
"バアル",150
"の心を",150
"苦しみ",149
"子孫の",149
"コブの",149
"を造っ",148
"葉を聞",148
"んだの",148
"えよう",148
"ごとに",148
"さげな",148
"だれか",148
"は、イ",148
"わし、",148
"かしめ",148
"ら、そ",147
"かしら",147
"はだれ",147
"されな",147
"なので",147
"に言い",147
"の目の",147
"ある、",147
"る。し",147
"長老た",147
"老たち",147
"、つる",147
"の神々",147
"命じた",146
"の供え",146
"ものが",146
"でいた",146
"で彼ら",146
"の入口",146
"におる",146
"を愛し",146
"彼らと",146
"ギレア",146
"はずか",146
"るのだ",146
"たは彼",146
"会見の",146
"れの神",146
"地から",145
"うち、",145
"の子ア",145
"た人々",145
"らかに",145
"彼はわ",145
"を集め",145
"がイス",145
"くして",145
"汚れた",145
"者よ、",145
"を祝福",144
"たの手",144
"の命を",144
"により",144
"の間、",144
"きよう",144
"、多く",144
"の罪を",144
"に至る",144
"、神は",143
"さげた",143
"がたと",143
"げて、",143
"できよ",143
"与え、",143
"とりも",143
"た者で",143
"れを聞",143
"オンの",143
"、地の",142
"た。主",142
"とりで",142
"を打ち",142
"のだ。",142
"びとが",142
"むすこ",142
"、しか",142
"エドム",142
"、主な",142
"日に、",141
"を連れ",141
"取った",141
"産んだ",141
"だれも",141
"うと、",141
"なる者",141
"れは彼",141
"と、主",141
"に連れ",141
"。ただ",141
"しるさ",141
"をつけ",140
"その名",140
"者が、",140
"生れた",140
"次のと",140
"、いつ",140
"れを見",140
"リシャ",140
"します",140
"イムの",140
"たとお",140
"は、主",140
"とを聞",140
"げなけ",140
"」。そ",139
"ず、ま",139
"の父の",139
"たがわ",139
"いる人",139
"目の前",139
"属する",139
"して主",138
"の血を",138
"てて、",138
"。主が",138
"にそむ",138
"の者は",138
"はエル",138
"う。わ",138
"う者は",138
"にまさ",138
"、エリ",138
"ヒゼキ",138
"ゼキヤ",138
"いたか",137
"子孫は",137
"、「そ",137
"の手を",137
"、ヤコ",137
"た彼ら",137
"てイス",137
"サマリ",137
"。する",136
"の家を",136
"ておく",136
"・キリ",136
"分の一",136
"見た。",136
"いと、",136
"と同じ",136
"主はあ",136
"がもし",136
"くし、",136
"ヤの王",136
"れてき",135
"も、わ",135
"って来",135
"い者の",135
"の家来",135
"わした",135
"しなか",135
"の王の",135
"の律法",135
"見の幕",135
"エス・",135
"ス・キ",135
"食べて",134
"と、わ",134
"するで",134
"とをも",134
"の王た",134
"き出し",134
"るとこ",134
"たの父",134
"たされ",134
"きであ",134
"言葉は",134
"しい。",133
"のだか",133
"その父",133
"かけて",133
"おおい",133
"主はそ",133
"できま",133
"きもの",133
"えって",133
"犯した",133
"い』と",133
"で、イ",133
"に聞き",133
"するた",133
"ろが、",133
"日には",133
"る』と",133
"はダビ",133
"はイエ",133
"は生き",132
"大いに",132
"す。あ",132
"の所で",132
"を引き",132
"あれば",132
"の怒り",132
"ヨナタ",132
"自分た",131
"しみを",131
"せん」",131
"エリシ",131
"呼ばれ",131
"を携え",131
"に、主",131
"た。あ",131
"こない",131
"さいわ",131
"う」と",131
"める。",131
"いのち",131
"分たち",130
"のかし",130
"たら、",130
"てから",130
"せなさ",130
"え、あ",130
"主は彼",130
"パロの",130
"非常に",130
"るのに",130
"みな、",130
"じよう",130
"させな",130
"と思っ",130
"が、こ",130
"いわい",130
"ていっ",130
"に属す",130
"いてあ",130
"造り、",129
"造られ",129
"の群れ",129
"せず、",129
"おのの",129
"トびと",129
"ばれる",129
"立てて",129
"びとに",129
"行われ",129
"ちが、",129
"た。ま",129
"の前か",129
"から救",129
"で、主",129
"てある",129
"ないこ",129
"る者、",129
"リヤは",129
"からは",128
"、つい",128
"き、わ",128
"、なん",128
"去って",128
"は主が",128
"プトび",128
"彼女に",128
"うぞ、",128
"い。主",128
"わが主",128
"アンモ",128
"ないな",128
"の子エ",128
"いため",128
"すべき",128
"わが民",128
"シャパ",128
"見ると",127
"事をし",127
"にいま",127
"は次の",127
"いなら",127
"びとと",127
"の王は",127
"の日、",127
"祭とし",127
"しに言",127
"となく",127
"の主は",127
"恐れて",126
"を呼び",126
"れては",126
"とによ",126
"が主の",126
"た」と",126
"した者",126
"の嗣業",126
"救われ",126
"にしる",126
"悪を行",126
"子孫、",126
"エリヤ",126
"そのか",125
"からわ",125
"恵みを",125
"て、神",125
"とにつ",125
"るわた",125
"き、あ",125
"者ども",125
"しえた",125
"』と。",125
"の定め",125
"かなけ",125
"、彼が",124
"こにい",124
"しは主",124
"去った",124
"の時に",124
"たに言",124
"ない』",124
"したこ",124
"し、こ",124
"聞き従",124
"えたげ",124
"ラッパ",124
"らだ。",124
"しのた",123
"のを、",123
"、きょ",123
"そうで",123
"その町",123
"の心に",123
"う。あ",123
"に入れ",123
"天から",123
"それが",123
"かわさ",123
"ろう』",123
"にされ",123
"新しい",123
"長たち",123
"い。す",123
"らのう",123
"ウルの",123
"れらを",122
"ころ、",122
"しい人",122
"い、わ",122
"主があ",122
"い者を",122
"にこれ",122
"になら",122
"せ、そ",122
"をさし",122
"エル、",121
"までも",121
"にしな",121
"、ぶど",121
"わらに",121
"かつて",121
"悲しみ",121
"めてい",121
"シャン",121
"ていて",121
"祭司の",121
"の預言",121
"す。そ",120
"あいだ",120
"は必ず",120
"どう酒",120
"のあと",120
"ろの民",120
"すよう",120
"か。そ",120
"かえっ",120
"よ、こ",120
"、律法",120
"憎むべ",120
"むなし",119
"えた、",119
"ますか",119
"殺し、",119
"そのう",119
"より、",119
"すであ",119
"ばれた",119
"はエジ",119
"時は、",119
"コブは",119
"れであ",119
"をかけ",119
"よ、そ",119
"らはあ",119
"るがよ",119
"ュアは",119
"もわた",118
"たと共",118
"どまっ",118
"近づい",118
"き、彼",118
"対する",118
"女たち",118
"たのも",118
"その手",118
"を、こ",118
"ある』",118
"、「彼",118
"たのし",118
"たの先",118
"受けて",118
"主イエ",118
"を造り",117
"はどこ",117
"でした",117
"おのそ",117
"に近づ",117
"る者で",117
"ああ、",117
"彼はま",117
"を汚し",117
"この民",117
"る、わ",117
"わが神",117
"アブサ",117
"ブサロ",117
"サロム",117
"モンは",117
"い、ま",116
"神は、",116
"ンから",116
"を守ら",116
"の子が",116
"の国に",116
"きなが",116
"もその",116
"言い、",116
"語って",116
"しはま",116
"からあ",116
"ゆるし",116
"。見よ",116
"の心は",116
"わざわ",116
"ざわい",116
"の宮に",116
"よみが",116
"みがえ",116
"「われ",115
"ったも",115
"ではあ",115
"国々の",115
"救い出",115
"えない",115
"しはわ",115
"をエジ",115
"く、そ",115
"ーセと",115
"たの民",115
"べ伝え",115
"いつま",115
"の聖な",115
"なし、",115
"ものに",114
"から取",114
"死んで",114
"手に渡",114
"導き出",114
"、ペリ",114
"を行わ",114
"守って",114
"犠牲を",114
"えよ。",114
"ミンの",114
"をあが",114
"つまで",114
"る者た",114
"わいで",114
"ンの人",114
"のいつ",114
"させら",113
"子を産",113
"しの言",113
"その後",113
"所から",113
"、なお",113
"帰った",113
"「主は",113
"もあな",113
"思って",113
"ての事",113
"共にお",113
"わせた",113
"しまっ",113
"をあわ",113
"の子よ",113
"来る。",113
"なもの",113
"「イス",113
"と主は",113
"どこに",112
"れでも",112
"らわた",112
"われて",112
"されま",112
"だれで",112
"その心",112
"ばかり",112
"だし、",112
"が自分",112
"れはわ",112
"リびと",112
"こで彼",112
"と呼ば",112
"に上っ",112
"たしも",112
"民のう",112
"せない",112
"てはい",112
"けてい",112
"うなら",112
"たか。",112
"なされ",112
"、神に",112
"住む者",112
"く、ま",111
"時に、",111
"われま",111
"のあい",111
"ちに言",111
"ものの",111
"さらに",111
"は彼女",111
"の国を",111
"て彼を",111
"、大い",111
"れは主",111
"同じよ",111
"て、『",111
"のとが",111
"あるよ",111
"き者の",111
"書いて",111
"がそれ",110
"た者の",110
"、神が",110
"ビト、",110
"祭壇を",110
"告げた",110
"のパン",110
"前に立",110
"の町に",110
"はどう",110
"だけで",110
"り、彼",110
"代って",110
"きこと",110
"宣べ伝",110
"いても",110
"のおき",110
"からの",110
"放牧地",110
"エホヤ",110
"来て、",110
"に感謝",110
"らせら",109
"、ふた",109
"ておい",109
"、おま",109
"。だれ",109
"の上で",109
"の後、",109
"にこの",109
"彼女を",109
"え、そ",109
"神であ",109
"つけて",109
"こなっ",109
"この町",109
"くなり",109
"に来る",109
"に倒れ",109
"この世",109
"下さる",109
"ち、そ",108
"がれた",108
"ん」。",108
"の中の",108
"立ち、",108
"荒野に",108
"え、主",108
"定めら",108
"かれて",108
"ロンと",108
"の長老",108
"の戒め",108
"はとこ",108
"祝福し",107
"れられ",107
"神は言",107
"は大い",107
"を、そ",107
"リヤに",107
"激しい",107
"ちにあ",107
"にすわ",107
"は正し",107
"声をあ",107
"その女",107
"セフは",107
"はおの",107
"主はモ",107
"のでき",107
"ともし",107
"る。主",106
"を設け",106
"ンとそ",106
"のほと",106
"ほとり",106
"に対す",106
"語られ",106
"行かれ",106
"告げて",106
"メレク",106
"人をつ",106
"に行く",106
"前に、",106
"こと、",106
"おうと",106
"。イス",106
"かしを",106
"の国の",106
"ほしい",106
"かせ、",106
"に座し",106
"は、自",106
"くちび",106
"ちびる",106
"は言う",106
"ヤラベ",106
"ラベア",106
"ままに",105
"追い出",105
"ための",105
"が彼に",105
"がなか",105
"れる」",105
"から導",105
"たの家",105
"わず、",105
"「主よ",105
"るだろ",105
"家来た",105
"来たち",105
"がきて",105
"ないた",105
"おのれ",105
"ばきを",105
"族のう",105
"言者た",105
"名づけ",104
"「これ",104
"の声を",104
"を傾け",104
"て、す",104
"とあな",104
"ラムは",104
"そむい",104
"の者が",104
