" 그 ",10950
"하여 ",8352
"에게 ",7766
"여호와",7005
" 여호",5952
" 너희",5466
"에서 ",5464
"내가 ",5270
" 사람",4837
" 하나",4656
"으로 ",4637
" 아니",4558
"게 하",4187
"하나님",4115
" 것이",4054
" 내가",3834
"께서 ",3584
"하는 ",3551
" 이르",3493
"아니하",3330
"는 자",3194
" 우리",3160
"지 아",3124
"하고 ",3091
"들이 ",2989
"모든 ",2958
" 내 ",2952
"라 하",2947
" 모든",2852
"호와께",2832
" 이 ",2794
"기를 ",2637
" 그들",2628
"이스라",2613
"스라엘",2609
" 아들",2535
" 네 ",2508
" 이스",2313
"희가 ",2229
"와께서",2124
"하며 ",2072
"들을 ",2032
"것을 ",2024
"같이 ",1999
"와의 ",1936
"호와의",1934
"가로되",1905
"의 아",1886
"나를 ",1859
"로되 ",1842
"이는 ",1820
"느니라",1797
"게 이",1796
" 가로",1791
" 곧 ",1773
"가 그",1755
" 백성",1719
" 때에",1718
"지 못",1695
"이 그",1683
"자가 ",1682
" 자손",1682
"리가 ",1662
"이라 ",1658
" 저희",1658
"너희 ",1653
" 나를",1652
"고 그",1622
"때에 ",1613
" 위하",1612
" 말씀",1601
"나의 ",1601
" 못하",1600
"라엘 ",1598
" 자기",1597
" 말하",1560
"위하여",1559
"므로 ",1546
" 하시",1534
"하지 ",1522
"리라 ",1519
"하게 ",1491
"이요 ",1481
" 또 ",1459
"이니라",1456
"는 것",1451
" 중에",1443
"주의 ",1433
"한 자",1422
"너희가",1417
" 앞에",1413
"네가 ",1411
" 함께",1405
" 것을",1392
" 다 ",1390
" 행하",1381
"하리라",1373
"사람이",1371
" 나의",1360
"니 이",1342
"으니 ",1339
"람이 ",1329
" 내게",1310
"함께 ",1306
" 있는",1304
" 같이",1303
" 주의",1287
" 이는",1285
" 하였",1284
"것이 ",1277
"리니 ",1277
"대로 ",1269
"가서 ",1266
"들에게",1251
"나이다",1251
"니라 ",1250
"자는 ",1246
" 한 ",1240
"아들 ",1237
"들은 ",1227
"들의 ",1218
"지 말",1211
"다 하",1204
"의 말",1198
"서 그",1195
"내게 ",1192
"희에게",1185
"그가 ",1180
"있는 ",1176
"에 있",1168
"리를 ",1164
"라 그",1159
"가 이",1154
" 자가",1133
" 하고",1124
"니 그",1108
"하였으",1106
" 자는",1100
"이 있",1099
"는 그",1096
"나님이",1092
" 마음",1090
" 네가",1089
"희는 ",1071
"할 것",1070
"우리가",1060
" 땅에",1058
"너는 ",1058
"들과 ",1057
"자를 ",1056
"이 되",1049
"이 이",1043
"하라 ",1039
" 들어",1035
"나님 ",1035
"님의 ",1028
" 이름",1026
"나님의",1025
"시고 ",1024
"가 너",1011
"에는 ",1009
"르되 ",1008
"중에 ",1007
" 그리",1007
" 예수",999
"이르되",995
"에 이",987
"그들이",983
"일을 ",976
"을 보",969
"희를 ",967
"나는 ",954
"너희에",925
"제사장",925
"너희는",916
"왕이 ",913
" 돌아",909
"과 그",896
"까지 ",896
"우리 ",888
" 일을",886
"하니라",875
"를 위",875
" 네게",871
"으며 ",866
" 보내",862
"자의 ",852
"하신 ",849
"너를 ",847
"을 받",845
"인하여",840
" 자들",836
"그를 ",833
" 인하",831
"여 가",830
"은 자",828
" 너를",823
" 가라",817
"것이라",816
"예루살",816
"루살렘",816
"이 아",815
" 그를",815
"저희가",811
"것이요",809
" 위에",806
"서 나",804
"이에 ",802
"한 것",802
"물을 ",801
" 유다",798
"이 없",795
"위에 ",794
" 하는",793
" 온 ",792
"로 그",788
"네게 ",787
" 제사",787
"가라사",781
"라사대",781
"앞에 ",778
"예수께",778
"와 함",777
"님 여",777
"와서 ",776
" 다윗",776
"하면 ",774
" 그가",766
"자기 ",765
"사람들",765
" 왕이",765
"님이 ",762
"그 아",761
"하되 ",753
"는 이",751
" 예루",751
"며 그",748
"느냐 ",748
"시며 ",747
" 다시",746
"그의 ",734
"하기를",734
"가운데",733
"시되 ",733
"람의 ",730
" 어찌",730
"이 나",730
"나니 ",730
"람을 ",729
" 가운",726
" 하셨",724
"하였더",717
" 그것",715
"것이며",714
"라 이",711
" 자를",707
"을 위",698
"라 내",698
"부터 ",695
"다가 ",695
"니하였",693
"러므로",685
"그에게",684
" 애굽",684
"가 나",682
"이여 ",681
" 너는",679
" 아비",679
" 있으",677
"함을 ",675
"이르기",673
"서 이",672
" 주께",670
"수께서",670
" 말라",668
"시는 ",667
" 성읍",666
" 하리",665
" 그의",664
"앞에서",663
"여 그",663
"사람을",662
"의 하",661
"사람의",659
"의 손",659
"왕의 ",659
" 하여",657
"땅에 ",657
"케 하",656
"말을 ",656
"음을 ",653
" 주 ",653
" 그에",652
"너희를",652
"름을 ",651
" 거기",649
" 큰 ",643
" 손에",643
" 하니",642
"르기를",641
"와께 ",639
" 일어",639
"노라 ",637
"소서 ",637
"을 것",636
"주께서",632
"이다 ",631
" 하라",630
" 취하",627
" 형제",627
"하노라",625
" 거하",624
"하리니",622
"이 가",617
"하니 ",615
"든지 ",615
"을 내",611
"의 이",610
"이르시",608
"엘 자",608
" 두 ",606
"중에서",604
" 모세",602
"하시고",601
"것은 ",601
"리고 ",601
" 말을",599
"리는 ",599
" 나는",594
" 가서",594
"의 모",591
"로 내",589
"지 않",588
" 사랑",587
"이나 ",581
"게로 ",579
"그들을",579
"게 주",577
" 대답",577
" 자의",576
"일어나",575
"다시 ",572
"것이니",571
"여 이",570
"로 가",570
"자에게",569
"의 사",569
"그러므",567
"그리스",566
"저가 ",565
"리스도",565
"었더라",563
" 여기",563
"들어가",562
" 나 ",557
"이 사",556
" 구원",556
"에 들",554
"사대 ",551
" 후에",551
"에 그",550
" 고하",550
" 나아",550
"사람 ",550
"그들의",549
"성을 ",549
"서 내",549
" 올라",547
"대답하",546
" 왕의",546
" 명하",545
"와 그",545
"호와 ",544
"을 가",544
"손이 ",542
"가 내",540
" 왕 ",540
" 가지",540
"였더라",539
" 하늘",538
"이 일",538
"보다 ",537
"만일 ",537
"여 내",536
"으리라",534
"리로다",534
" 족속",534
" 두려",532
"되 내",531
"이 다",530
"을 주",529
" 떠나",529
"을 얻",529
" 부르",527
" 것은",527
"지어다",527
"유다 ",527
"말라 ",526
"를 보",525
"이 내",524
"이 하",523
"리의 ",522
" 무리",521
"는 여",520
" 소리",519
"전에 ",519
"하시니",515
"게 말",515
" 할 ",515
"노니 ",514
"도다 ",514
"을 행",511
" 자 ",511
"게서 ",510
"로 나",509
"로 돌",509
"이니 ",509
"이 여",503
" 당신",503
"가 되",500
"성이 ",500
"르시되",499
"을 지",499
"하였느",499
"희의 ",499
"가 가",498
"을 인",497
"과 같",496
" 거룩",494
"으므로",494
"와를 ",493
"지니라",492
"이 너",492
" 나라",492
"호와를",490
"라도 ",488
"치 아",487
" 되었",486
"이며 ",485
"말씀하",484
"그들에",483
"선지자",483
"에 거",482
"로 말",482
" 드리",481
"을 그",479
"이름을",479
"후에 ",479
"리에게",477
" 수 ",476
"와 같",476
"가 있",476
"이 말",475
"은 그",475
"니하고",475
"로 너",474
"가 여",474
"내어 ",474
"에 내",474
"엘의 ",474
"러나 ",473
"을 다",472
"되 너",472
"그러나",470
"대하여",467
"손을 ",466
" 대하",466
" 전에",463
"에게서",459
"가 아",459
"손에 ",459
"으나 ",457
"우리를",455
"백성이",453
"하려 ",453
" 보고",452
" 선지",452
" 자에",451
" 집에",451
" 머리",449
" 내려",449
"로 하",447
"이를 ",446
"니이다",446
"는 내",445
"아버지",445
"인의 ",444
"음이 ",444
"서 너",444
"려 하",443
"에게로",442
"오직 ",442
"들아 ",442
" 영광",442
"가 어",441
"주를 ",441
" 아내",439
" 이것",438
"지라 ",438
" 만들",437
"을 들",437
" 그러",436
"보고 ",435
"자들이",434
"그것을",433
"와가 ",433
"호와가",431
"고 또",430
"가 말",429
"지고 ",428
" 와서",426
"는 너",424
"가 네",424
"두려워",423
"말씀을",423
"인이 ",422
" 함이",422
"씀을 ",421
"자손이",420
"를 내",419
" 포도",419
"겠느냐",417
"였으니",416
"은 것",416
" 아버",415
"우리에",415
" 무엇",413
"날에 ",411
" 이제",411
" 하며",411
"로 인",408
"이제 ",407
"의 전",407
" 날에",406
"보라 ",406
"가 다",406
"나님께",405
"로 이",404
"이 모",404
" 기름",403
"는 사",402
" 안에",401
"하시며",400
" 이같",400
"땅에서",399
"나와 ",399
"기서 ",397
"사랑하",397
" 하려",396
" 다른",395
"너의 ",393
"일에 ",393
"그 사",392
"하였고",392
"리로 ",392
"더니 ",391
"에 대",391
"리이다",391
"자와 ",390
"의 집",390
"심을 ",390
" 지키",389
"이같이",389
" 들으",389
"서 가",388
"니하리",387
" 말이",387
"하소서",387
" 지혜",386
"어찌 ",385
"하사 ",385
"에 나",385
"스로 ",385
"게 고",384
"을 입",384
"다른 ",383
" 구하",383
" 누구",382
"는 나",381
"는 모",381
"애굽 ",381
"다윗이",381
"람에게",380
"고 나",380
"운데 ",379
"땅을 ",379
"니 너",377
"무릇 ",377
" 알지",376
"윗이 ",376
" 오늘",375
"거기서",374
"는 하",373
" 죽이",373
"를 그",372
" 하 ",372
"나 여",372
"을 하",371
"가 없",371
"할 때",370
"너희의",370
" 땅을",369
"악을 ",369
" 듣고",369
"요 그",368
"아들들",368
"거든 ",368
" 일이",367
"어찌하",367
" 영원",367
" 지파",367
"려고 ",366
" 임하",365
"을 만",364
" 향하",364
"고 이",363
"라 너",363
"도 그",362
"명을 ",361
"는 아",361
" 생명",360
"스스로",360
"되 이",359
"한 일",359
"말씀이",359
"말하노",359
"함이 ",358
"시니 ",357
"한 사",357
"들로 ",356
"그 모",356
"사를 ",356
"람들이",355
" 사자",355
" 저가",355
" 따라",354
" 나와",354
"찌하여",354
"그리하",354
" 대적",354
"그는 ",353
"서 모",353
" 아무",353
" 기뻐",353
"라엘의",353
"그 이",352
"을 당",352
" 엘리",352
"세가 ",351
"들어 ",350
"호와여",349
"와여 ",349
"말하기",349
"살렘에",348
"고 내",347
"손의 ",347
"기의 ",347
"으면 ",347
"과 함",346
"기에 ",345
"수를 ",345
" 스스",345
"되게 ",344
"알지 ",343
"람과 ",343
"니와 ",343
"사람에",342
" 돌이",342
"히 여",341
"의 소",340
"가 주",340
"은 이",340
"의 종",339
"이르러",339
"오니 ",339
" 만일",339
"를 가",338
"에 두",337
"일이 ",337
" 너의",337
"자 하",336
"게 명",335
"라 나",334
"의 기",334
" 맹세",334
" 인도",334
"시니라",333
" 세우",333
" 하지",333
"백성을",333
"저를 ",333
"을 듣",332
"의 자",332
" 없으",331
" 말미",331
"시기를",331
"은 사",331
"을 치",331
"데서 ",331
"리와 ",331
"말미암",330
"저희 ",330
"는데 ",329
"의 여",329
"듣고 ",328
" 생각",328
" 가져",328
"많은 ",326
"야가 ",326
"집에 ",325
" 저를",325
" 있어",324
"여 주",324
"니하며",324
"우리의",323
" 기업",323
"어다 ",323
"하심이",321
"옵소서",320
" 사울",320
"심히 ",319
"로 여",319
"서 하",319
"하노니",319
"이까 ",319
" 열조",319
" 땅 ",318
" 버리",318
" 즐거",318
" 하신",317
"저희를",317
"이 어",316
"는지라",316
" 여자",315
"를 지",315
"을 사",315
" 증거",315
" 심히",314
"거기 ",313
"를 받",313
"을 삼",313
" 언약",313
"어나 ",313
" 많은",313
"이니이",313
"으라 ",312
"게 할",312
" 중 ",312
"함이니",312
"리에 ",312
"에 가",311
"음에 ",311
"엘이 ",311
" 손을",310
"을 이",309
"고 너",309
"하매 ",309
"인을 ",309
" 나가",309
" 가까",309
" 바다",308
" 곳에",308
"주 여",308
"기뻐하",308
"군의 ",307
"그 땅",306
"면 그",306
"는도다",306
"니 내",305
"을 때",305
"되 그",305
"을 너",305
" 마시",305
"였느니",305
"서 저",304
"이로다",304
"모세가",304
" 세상",303
"사가 ",303
"지라도",303
" 당하",302
"에 여",302
" 야곱",302
" 레위",302
" 보라",301
"아들이",301
"자기의",301
"솔로몬",301
"이 저",300
"인도하",300
"것과 ",299
" 엎드",299
"올라가",299
"님을 ",299
" 보이",299
"물이 ",298
"줄을 ",298
"옷을 ",298
"가 하",298
"을 기",298
" 같으",298
" 얼굴",297
" 동안",297
"여 나",297
"를 사",297
"마음이",297
"바벨론",297
"나님을",296
"게 보",296
" 나무",295
"보내어",295
"죄를 ",295
"님께 ",295
"게는 ",294
"을 알",294
"운데서",294
" 나타",293
"니 저",293
" 율법",293
"기는 ",292
"하더라",292
"고 가",292
" 말고",291
"서는 ",291
"하시는",291
"하였나",291
"를 기",291
"였고 ",290
"음이니",290
" 섬기",290
"하나이",289
"그 때",289
"니 곧",289
"블레셋",289
"가는 ",289
" 은혜",288
"행하여",288
"게 임",288
"다 그",288
" 되리",287
"라 여",287
" 있을",287
"안에 ",287
" 아브",287
"제를 ",287
"상을 ",286
" 이를",286
" 인자",286
" 기도",286
" 기록",286
"만군의",286
"하느니",285
"가지고",285
"향하여",285
"누가 ",284
"과 아",284
"마음을",284
" 없는",284
" 가 ",284
"음이라",283
"으니라",283
"레셋 ",283
" 오직",283
"의 영",283
" 것과",282
"에 기",282
"따라 ",282
"을 취",282
" 아론",282
"서부터",281
"가 또",281
"와 앞",281
"를 이",280
"가지 ",280
"서 우",280
" 에 ",280
"사람과",279
"어서 ",279
"없는 ",279
"에게는",278
" 죄를",278
"씀이 ",278
" 있느",277
"할지니",277
" 군대",277
"복을 ",276
"러 가",276
"이가 ",276
" 되게",275
"아가 ",275
" 이러",274
" 가리",274
"돌아가",274
"야의 ",274
"도를 ",274
"도 없",273
"었으니",273
"을 네",273
"식을 ",273
"이 네",273
"무리가",273
" 죽은",273
"답하여",273
"게 되",273
"네 하",273
"취하여",272
" 제자",272
" 아래",271
"를 주",271
"아와 ",270
" 행한",270
"자손 ",270
"신 것",270
"자손의",269
"장이 ",269
"르러 ",269
" 짐승",268
"이 자",268
" 번제",268
"이와 ",268
"하였음",267
" 가르",267
"그 가",267
"나이까",267
"을 먹",266
" 하매",266
" 아이",266
"이 땅",265
"고자 ",265
"로 주",264
"되어 ",264
"에도 ",263
" 원하",263
" 여인",263
"신의 ",263
"씀하시",263
"물로 ",262
" 내리",262
" 받으",262
"마음에",262
"례를 ",262
"하시리",262
"왕을 ",262
"는 다",261
"은즉 ",261
"나 그",261
"지도 ",261
" 바로",261
"이 우",261
"자기를",261
" 있고",260
" 바벨",260
"서 여",260
"죽은 ",260
" 것 ",259
"지니 ",259
" 주를",259
"사장들",259
"저희에",259
"되 네",258
" 자녀",258
"나서 ",258
"며 내",258
"부르짖",258
"마다 ",258
"였도다",257
"능히 ",257
"셋 사",257
"세에게",257
"또 그",256
"수 없",256
" 멸하",256
" 십 ",256
"아브라",256
"브라함",256
" 여러",255
" 줄을",255
"못하리",255
"를 인",255
" 능히",255
"주는 ",255
"울이 ",255
"려워하",254
"였음이",254
"쳐서 ",254
" 광야",254
"모세에",254
"이 성",253
"도 아",253
" 더 ",253
" 지나",253
" 이방",253
"거니와",253
"불어 ",252
" 각 ",252
"손과 ",252
"은 아",252
"게 나",252
"못하였",252
"려 함",252
" 이루",251
"내 아",251
"로운 ",251
" 되어",250
"하므로",250
"미암아",250
"서로 ",250
" 어린",250
" 주시",249
"크게 ",249
"암아 ",249
"나로 ",249
"백성 ",249
"어린 ",249
"있고 ",248
"서 네",248
"를 너",247
" 무릇",247
" 이에",247
"함이라",247
"에 붙",247
"로 행",247
"원을 ",247
"에서부",246
" 나오",246
"왕에게",246
"을 아",245
"와 아",245
" 자와",245
" 블레",245
" 거민",245
" 크게",244
" 자라",244
"을 세",244
"가 저",244
"그 날",244
"손으로",244
"자들을",244
"의 성",244
"를 만",243
"말고 ",243
"을 구",243
"하였도",243
"였으며",242
" 그는",242
"너와 ",242
"보지 ",242
"게 대",242
"백성에",242
"레위 ",242
"나도 ",241
" 남은",241
"제자들",241
"손에게",240
"맹세하",240
"남은 ",240
"의 신",239
"가 사",239
" 이십",239
" 건축",239
" 일 ",239
" 악을",239
"아무 ",239
"성에게",239
" 누가",238
"이었더",238
" 장막",238
"로 더",238
"람은 ",238
"니하시",238
"에 서",238
"이 예",238
" 내어",237
"거하는",237
"이 무",237
" 된 ",236
" 일곱",235
"리지 ",235
"여 너",235
"를 구",235
"겠고 ",235
" 왕을",235
"을 낳",234
"을 불",234
"든 사",234
"나아가",234
" 불러",234
"하느냐",234
"리 하",234
"로다 ",233
" 서로",233
" 쳐서",233
"그 성",233
"하시되",232
"이러하",232
" 할지",232
" 도망",232
"에 앉",232
" 말며",232
"든 것",231
"하늘에",231
"행한 ",231
"로 들",230
"신이 ",230
"더불어",230
"아니라",230
"것으로",230
" 없고",230
"희로 ",230
" 어디",229
"는 일",229
" 너와",229
" 더불",229
"를 원",229
"무슨 ",229
"엘을 ",228
"구원하",228
"를 여",228
"거룩한",228
"어 가",227
"하리로",227
"기로 ",227
"를 드",227
" 전 ",227
" 하소",226
" 무슨",226
"의 명",226
" 아름",225
"라 네",225
"소리를",225
" 왕에",225
" 방백",225
"도하여",225
"여호수",225
"호수아",225
" 원수",224
"의 마",224
"고 여",224
"고 다",224
"어 그",223
" 낳았",223
" 대로",223
" 옷을",223
"사람은",223
" 하심",223
"셨나이",223
"는 저",223
"땅의 ",222
"를 따",222
"을 두",222
"기가 ",222
"것 같",222
"악한 ",222
"니 하",221
" 사이",221
"아들을",221
"셨느니",220
"같은 ",220
"단을 ",220
"곳에 ",220
" 범죄",220
" 못할",220
"여러 ",219
"하셨으",219
"곧 그",219
" 하더",219
"주께 ",219
"지를 ",218
" 보지",218
"룩한 ",218
"예수 ",218
"는 네",217
"여 여",217
" 다니",217
"인에게",217
"자손에",217
"성의 ",217
"오늘날",217
" 거짓",217
" 일에",216
"가 무",216
" 같은",216
"되지 ",216
"신을 ",216
"되고 ",216
" 받은",216
"니하는",216
" 가족",216
"없고 ",216
"하시기",215
"고 네",215
"로가 ",215
"음으로",215
" 이상",215
"행하는",215
"그 위",215
"고 아",214
" 자로",214
" 종 ",214
"매 그",213
"러하니",213
"말하되",213
"희와 ",213
"의 가",213
"하리이",213
"자들에",213
"하던 ",213
"사장 ",213
" 믿음",213
"되리라",212
"안에서",212
"냐 하",212
"위 사",212
" 유대",212
"고 하",211
"를 삼",211
"한지라",211
"며 나",211
" 나로",211
"말이 ",211
" 열 ",211
"주여 ",211
" 진노",211
"에 너",210
" 죄악",210
"리하면",210
"실로 ",210
"다 왕",210
"서 사",209
"이 오",209
" 찬송",209
" 재앙",209
"였나이",209
"자로 ",208
"의 장",208
"가 우",208
"하나니",208
"였으나",208
"구든지",208
"있어 ",207
"셨으니",207
" 쫓아",207
"의 행",207
"돌아오",207
" 수양",207
"그들은",207
"누구든",207
"다윗의",207
"윗의 ",207
"명하여",206
"손에서",206
"항상 ",206
"그와 ",206
"대를 ",206
"되 나",206
"아니한",206
"시리라",206
"받은 ",206
"제와 ",206
"도의 ",206
"으리니",205
"든 백",205
"하도다",205
" 로 ",205
" 속죄",205
"렘에 ",205
" 날이",204
"어떻게",204
"떻게 ",204
"을 부",204
"아들은",204
"심이 ",204
"께 있",204
"수의 ",204
"내 백",204
" 복을",203
" 어떻",203
"게 행",203
"니 나",203
"당신의",203
" 난 ",203
"자손과",203
" 의 ",203
" 대신",202
" 저주",202
"포도주",202
"을 건",202
"가까이",202
" 평안",202
" 그대",201
"이고 ",201
" 땅의",201
"서 아",201
"피를 ",201
" 부정",201
"못하게",201
"살렘 ",201
"자도 ",201
" 규례",201
"름으로",200
"행하였",200
"고 오",200
"였더니",199
"는 우",199
"혜를 ",199
" 그와",199
"은 내",199
"형제들",199
"여 우",198
"로 네",198
"며 이",198
" 진실",198
"게 가",197
"아서 ",197
" 제 ",197
"아니요",197
"여 하",197
" 손으",197
"과 이",197
" 보시",196
"며 또",196
"하겠느",196
" 족장",196
" 우상",196
"그 형",195
" 듣지",195
"무엇이",195
"기지 ",195
" 요셉",195
"유대인",195
" 물을",194
" 남편",194
"에 다",194
"되 여",194
" 항상",194
"의 거",194
" 데리",194
"의 일",194
"그런즉",194
"런즉 ",194
" 미워",194
"말며 ",194
" 있었",193
"의 지",193
"할 수",193
"님이여",193
"사오니",193
" 노래",193
"없이 ",193
" 예물",193
" 영혼",193
" 성령",193
" 알게",192
"가 오",192
"라가 ",192
"까이 ",192
"은 여",192
" 않게",192
"랑하는",192
"엘 왕",192
"마리아",192
"예수를",192
"들도 ",191
" 속에",191
"아름다",191
"되 우",191
"사로잡",191
"희 중",191
"않게 ",191
"를 치",191
"에브라",191
" 땅이",190
"름은 ",190
"였느냐",190
"길을 ",190
"있으니",190
" 외에",190
"백성의",190
"는 소",190
"라 저",189
"각기 ",189
" 피를",189
"를 들",189
"니요 ",189
" 받을",189
"희 하",189
"까 하",188
"하셨느",188
"서 떠",188
" 기억",188
" 좇아",188
"어가서",188
"을 돌",188
"가 자",188
" 택하",188
"의를 ",188
"라엘을",188
" 만군",188
" 솔로",188
"을 거",187
"다시는",187
"이것이",187
"가 보",187
"면 내",187
" 요단",187
"도망하",187
"송아지",187
" 악인",187
"만한 ",187
"야와 ",187
" 악한",187
"브라임",187
"알게 ",187
" 안식",186
"든 일",186
"떠나 ",186
"수 있",186
"로 다",186
"아 내",186
"로부터",186
" 붙이",186
" 견고",186
" 사로",186
"하셨나",186
"것도 ",186
"을 따",185
"편에 ",185
"에 사",185
"을 대",185
"듣지 ",185
"지 이",185
"의 수",185
"전을 ",185
"거룩하",184
" 길을",184
"의 앞",184
"함과 ",184
" 행위",184
"엘과 ",184
"내려가",184
"에 모",184
"나 주",184
"도 하",183
"하실 ",183
"데리고",183
"집을 ",183
" 있나",183
" 없이",183
"를 취",182
"사이에",182
"고하여",182
" 바라",182
"리이까",182
"내 주",182
"롭게 ",181
"이 주",181
"서 자",181
"은 다",181
" 되고",181
"골짜기",181
"베냐민",181
"가 예",181
"을 바",180
" 각기",180
"날이 ",180
"었고 ",180
"의 날",180
"굴을 ",180
"돌이켜",180
"되 주",180
" 주여",180
"못할 ",180
"를 대",180
" 장로",180
" 열방",180
"로 우",179
"를 다",179
"좇아 ",179
"가 거",179
"로서 ",179
" 얻으",179
" 말지",179
"가르치",179
"몸을 ",178
"을 좇",178
"애굽에",178
"받지 ",178
"가 만",178
" 주는",178
"미워하",178
"서서 ",178
"사울이",178
"즐거워",178
" 회중",178
"광을 ",178
"무를 ",177
" 몸을",177
"니 여",177
"인은 ",177
"의 딸",177
"가라 ",177
" 집을",177
" 하느",177
"시리니",177
"아 너",177
" 서서",177
" 드릴",177
"베드로",177
"얼굴을",176
"컨대 ",176
"서 다",176
"르고 ",176
"을 향",176
"것임이",176
" 경외",176
"고 저",176
"는 말",176
"굽 땅",176
" 감사",176
"치는 ",175
"를 죽",175
" 곁에",175
"었느니",175
"다 나",175
" 성소",175
" 긍휼",175
"더라 ",174
"이더라",174
"며 네",174
" 싸우",174
" 골짜",174
"이켜 ",174
"이런 ",174
"는 주",174
"길로 ",174
"며 주",174
"영광을",174
"고 자",173
"을 죽",173
"답하되",173
"고 주",173
"하는도",173
" 멸망",173
"거나 ",173
"가 대",173
" 것임",173
"를 거",173
" 예비",173
"말이니",173
"다 이",172
"그 자",172
" 일러",172
"지는 ",172
" 장사",172
"치 못",172
" 받는",172
"름이 ",172
"장은 ",172
" 남자",171
"이름은",171
" 먹을",171
"고로 ",171
"이 또",171
"오라 ",171
" 입은",171
"네 아",170
"라를 ",170
"광이 ",170
" 종이",170
" 주었",170
"받는 ",170
"니한 ",170
"생각하",170
"를 부",170
" 단 ",170
" 명령",170
"있으리",169
"서 죽",169
"거늘 ",169
" 받지",169
"와 이",169
"신 자",169
"는 가",169
"하나 ",169
"을 더",169
"하심을",169
"이르노",169
"엎드러",169
"이십 ",169
"저에게",169
" 다섯",168
" 다스",168
"의 피",168
" 조상",168
"영원히",168
" 가나",168
"왕과 ",168
"에 올",168
" 모압",168
"가 일",168
"같으니",168
"또한 ",168
"셨도다",168
" 더럽",168
"이미 ",168
"저는 ",168
"땅이 ",167
" 만나",167
"이름으",167
"원히 ",167
"할지라",167
"가나안",167
"의 목",167
" 될 ",167
"려니와",167
" 길로",167
" 말 ",167
"에 하",166
"약을 ",166
"이 많",166
"일러 ",166
"이지 ",166
"로 보",166
" 그릇",166
"움을 ",165
"로 사",165
"은 나",165
" 죽으",165
"는 바",165
"가 알",165
"정한 ",165
"줄 알",165
"그 중",165
"할지어",165
"형제 ",165
"입은 ",165
"신 이",165
"나지 ",164
"니 네",164
"다와 ",164
"생명을",164
"못하고",164
"게 일",164
"는 곳",164
"하시나",164
"서 주",164
"이 백",164
"벨론 ",164
"를 네",163
"건축하",163
" 에브",163
" 가증",163
" 여 ",163
"은 너",162
"그 손",162
"든 자",162
" 의로",162
"로 올",162
"우리는",162
"기 전",162
"의 보",161
"을 나",161
"에 아",161
"리며 ",161
"이것을",161
"나무 ",161
"며 너",161
"나가 ",161
"로 지",161
"의 죄",161
" 민족",161
"기도하",161
"라엘이",161
"령을 ",161
" 예언",161
" 저에",161
"너로 ",160
" 먹고",160
"을 쳐",160
"셨다 ",160
" 규빗",160
"종이 ",160
" 집 ",160
" 주인",160
"를 행",160
"그 열",160
" 주어",159
"가 모",159
" 먹으",159
"고 우",159
" 정하",159
"르는 ",159
"을 드",159
" 식물",158
"임을 ",158
"같고 ",158
" 천사",158
"각각 ",158
"이 왕",158
" 아침",157
"아니할",157
"었으며",157
" 삼십",157
"와는 ",157
"으매 ",157
" 줄 ",157
"를 두",157
" 같고",157
"받을 ",157
"아래 ",157
"실 것",157
"을 잡",157
"시나이",157
"이 대",157
"을 자",157
" 건너",157
"한 말",157
"다의 ",156
"의 생",156
"기까지",156
"늘날 ",156
"의 부",156
"노를 ",156
" 환난",156
"므낫세",156
"하나는",156
" 회막",156
"다윗에",156
"저희는",156
"으신 ",155
"는 날",155
"렇게 ",155
" 세 ",155
"의 나",155
"오는 ",155
"어떤 ",155
"의 백",155
"에 예",155
"지의 ",154
"앗수르",154
"께 드",154
"그 기",154
"와 네",154
"동안 ",154
"을 우",154
"오게 ",154
"이 거",154
"였으므",154
"음은 ",154
"세와 ",154
"지지 ",154
" 능력",154
"윗에게",154
"작은 ",153
"기와 ",153
"가 들",153
"고 사",153
"광야에",153
"고 마",153
" 이미",153
" 권세",153
"예레미",153
"레미야",153
"나게 ",152
" 너로",152
"엇을 ",152
"그 후",152
"이 세",152
" 가득",152
"과 모",152
"귀를 ",152
"그 집",152
"눈을 ",152
" 빼앗",152
" 속한",152
"문을 ",152
"서 말",152
"그 앞",152
"법을 ",152
"의 형",151
"라와 ",151
"이 지",151
"무엇을",151
"실 때",151
"세를 ",151
"에 네",151
" 알리",151
"은 하",151
" 위로",151
"호와는",151
"의 왕",151
"가에 ",151
"온 이",151
" 계수",151
"대제사",151
"스도 ",151
"예수의",151
"소를 ",150
"너희와",150
"여 네",150
" 신들",150
" 저 ",150
"불러 ",150
" 계시",150
" 주신",150
"기 위",150
"처럼 ",150
"안식일",150
"먹고 ",149
"수가 ",149
"내를 ",149
"한 모",149
"게 한",149
" 이삭",149
" 심판",149
"나 이",149
"그 말",149
" 자도",149
" 부친",149
"많이 ",149
"이방인",149
"또 내",149
" 작은",148
"그 종",148
" 고기",148
" 산 ",148
"다 내",148
"를 낳",148
"명하신",148
"기 있",148
"속한 ",148
" 자니",148
" 없어",148
" 많이",148
" 시온",148
"를 아",147
"릴 것",147
" 근심",147
"언약을",147
" 새 ",147
" 산에",147
"속에 ",147
"곳에서",147
"이 요",147
"머리에",147
"곁에 ",147
"두고 ",147
" 각각",147
" 떨어",147
"구원을",147
" 바울",147
"를 우",146
"인과 ",146
"자요 ",146
" 오십",146
"치고 ",146
"의 땅",146
"길르앗",146
" 하거",146
" 없느",146
"론과 ",146
"산에 ",145
" 피하",145
" 의인",145
"에 일",145
" 보았",145
"으되 ",145
" 처음",145
"먼저 ",145
" 왕과",145
"를 불",145
"름다운",145
"을 마",144
" 먹지",144
"그 소",144
"대신하",144
" 이런",144
"우고 ",144
"의 남",144
"상은 ",144
"도로 ",144
"주어 ",143
"자라 ",143
" 일백",143
"나안 ",143
" 눈을",143
"성읍들",143
"가 바",143
" 길에",143
"전에서",143
"함으로",143
" 을 ",143
" 병거",143
"지자 ",143
" 서 ",143
" 소제",143
" 는 ",143
"스도의",143
"니하면",142
"세상에",142
"던 자",142
"나가서",142
"의 구",142
"될 것",142
"버지께",142
"손 중",142
"고한 ",142
"로 저",142
"론 왕",142
"렘에서",142
"온 땅",141
" 더하",141
"에 엎",141
"상에 ",141
" 용사",141
"내 이",141
"그 남",141
"가게 ",141
"을 말",141
"었도다",141
" 영영",141
"장로들",141
" 황무",141
"서 예",141
"사무엘",141
"수 그",141
"의 길",140
"땅으로",140
" 이와",140
"르게 ",140
"진실로",140
" 베냐",140
" 뿌리",140
" 이웃",140
"자들은",140
" 어미",139
"아는 ",139
" 및 ",139
" 구름",139
"스의 ",139
" 먼저",139
"사는 ",139
"의 주",139
" 이가",139
" 베풀",139
"갈 때",139
"를 좇",139
"일곱 ",139
"하거든",139
"주신 ",139
"여 왕",139
"너희로",139
"시매 ",138
" 열매",138
" 좋은",138
"좋은 ",138
"먹을 ",138
"다 함",138
" 입에",138
"엘리사",138
"여기 ",138
"한 이",138
" 세겔",138
"기름을",138
"를 당",138
"물과 ",137
"나라 ",137
"되었으",137
"니하니",137
" 더욱",137
"더욱 ",137
"을 저",137
"은혜를",137
" 기다",137
" 열국",137
"성과 ",137
" 땅으",137
"때에는",137
" 끌어",137
"상의 ",137
"인들이",137
"내 마",137
"즉 그",137
"때가 ",137
" 어떤",137
" 목전",137
"사의 ",137
"울의 ",137
" 받았",136
"기에게",136
"어나서",136
" 행할",136
"의 두",136
" 온전",136
"에서는",136
" 은 ",136
"복이 ",136
" 것으",136
" 바알",136
"가 왕",136
