"हरू",58152
"ले ",49592
"को ",42217
"ाई ",30834
"लाई",30191
" ति",28582
"ीहर",27815
"रू ",24101
" गर",23892
"का ",23177
"मा ",21610
"रूल",21439
" मा",19997
" पर",18540
"त्य",18381
"नि ",18176
"प्र",17796
"मान",17432
"तिम",16280
" अन",15964
"निस",15286
"ानि",15125
"परम",14988
"तिन",14978
"िमी",13820
"गर्",13761
"नीह",13570
"हुन",13516
"अनि",13473
"िनी",13331
" भन",13218
"ूले",13132
" त्",13065
"। त",12207
"र्न",12125
" हु",12003
"ने ",11705
"यो ",11456
"नु ",11289
"नेछ",11111
"सहर",10897
"िसह",10800
" थि",10407
"ूला",10383
"े त",9909
"्नु",9528
"मीह",9163
" दि",8973
"ाहर",8769
" र ",8715
"्रभ",8690
" प्",8664
"रभु",8614
"न्।",8613
"रूक",8540
"न्छ",8465
"्ने",8419
"हाँ",8297
"ा प",8284
"छन्",8262
"यो।",8241
"रो ",8204
"मप्",8179
" पा",8169
"रमप",8162
"श्व",7970
"्रा",7909
"्वर",7843
"रा ",7770
"ुन्",7554
"्यस",7511
" हा",7331
"्यो",7316
"दिन",7304
"स्त",7290
" रा",7264
"ाउन",7192
"ो प",7157
"्या",7112
"त्र",7039
"भने",6970
"ेश्",6886
"न्न",6846
"मेश",6836
" आफ",6816
"रमे",6773
" नि",6686
"ति ",6650
"्ति",6628
"ि त",6567
"ा म",6561
"ा ग",6418
" कु",6375
"े म",6249
"थिए",6203
"े प",6196
"भन्",6101
"ो स",6085
"भयो",6057
"्न ",6056
"छ। ",6003
"गरे",6001
" सम",5997
"हाम",5958
"एको",5946
"ा स",5925
" म ",5913
"ना ",5885
"बाट",5771
"आफ्",5711
"फ्न",5709
"िम्",5703
"ए। ",5672
" वि",5671
"तर ",5633
"ती ",5588
"िए।",5500
" बा",5487
"ो। ",5481
"्। ",5450
" भए",5436
"सले",5345
"ु भ",5320
"कार",5258
"्छ।",5249
"ूको",5240
"न्द",5223
" यस",5130
"ाट ",5121
" दे",5118
"ुने",5075
"ित ",5072
"र्छ",5063
"मेर",5048
"म्र",5040
"ाँ ",4991
"ार ",4959
"नै ",4957
" हो",4939
"ो म",4905
", “",4877
"ियो",4831
" कि",4763
"पर्",4691
" जस",4682
"पनि",4658
"मील",4644
" पन",4641
"ैले",4641
"। य",4627
"ाउँ",4623
" मे",4598
"राज",4533
"ो न",4524
" ती",4495
"ा छ",4465
"नुह",4461
"ामी",4449
" यो",4445
"ो क",4393
"ेको",4339
" छो",4328
" का",4322
" तर",4275
" सु",4259
"्रो",4246
" सा",4236
"्र ",4213
"पाई",4175
"तपा",4142
"ान ",4128
" उस",4080
"े भ",4078
"ाईं",4073
"मी ",4005
" जा",3998
"ेरो",3995
"ुले",3966
"ाले",3955
" सब",3941
"उहा",3928
"नी ",3898
"थिय",3864
"ा थ",3859
"भएक",3825
"ेका",3819
" स्",3790
" तप",3775
"सम्",3769
"र त",3746
"ु ह",3741
"सबै",3733
" उह",3731
"े य",3714
"रको",3701
"छु।",3688
" बन",3686
"री ",3685
"छोर",3682
"ा र",3676
"ो छ",3666
"। म",3658
"नो ",3647
" भय",3642
"ा ब",3641
"कुर",3640
"न स",3639
"े। ",3629
"ही ",3612
"े, ",3609
"ी म",3607
"ार्",3600
"ाजा",3596
"ुरा",3553
"ष्ट",3546
"राए",3513
"्नो",3474
"े आ",3463
"देख",3461
"स्र",3459
"बै ",3456
" के",3432
"निम",3431
", त",3428
"ीले",3415
"ाको",3411
"रले",3406
"ो भ",3402
"ूका",3402
"ि प",3399
"हरु",3385
"म्त",3384
"ेछ।",3383
"ो अ",3381
"ो ह",3371
"नुभ",3357
"यस ",3349
"ुहु",3346
"िनु",3344
"े स",3338
"ेर ",3317
"ि म",3308
"उनु",3299
"ो व",3296
"क्त",3289
"टा ",3284
"ा अ",3276
" दा",3260
"ई भ",3229
"राह",3227
"मैल",3226
"मला",3222
"ाएल",3219
"ई प",3205
"म्म",3202
"भुल",3194
"्छ ",3188
"सको",3184
"किन",3174
"न् ",3167
"इस्",3160
"ा क",3158
"ो द",3148
"िन्",3147
"न्त",3120
" सक",3104
"र प",3083
"ा ह",3082
" एक",3054
"े छ",3054
"ा न",3051
" ला",3022
"सला",3015
"रेक",3005
"े क",3002
"िश्",3000
"ान्",2995
"्वा",2994
"ो ब",2989
" यह",2975
"दा ",2940
"ल्य",2936
"ा द",2929
"ेछन",2924
"रमा",2924
" उन",2915
"ो, ",2897
" इस",2882
" मल",2876
" चा",2841
"ीला",2829
"ामा",2821
"म त",2820
"उने",2818
"ुभय",2806
"ाम्",2805
"ी स",2802
"एका",2796
"्यह",2793
"वरल",2789
"जान",2789
"ा भ",2778
"े अ",2773
"र्द",2765
"देश",2764
"नले",2760
"ारी",2758
"बना",2751
"ने,",2741
" मै",2737
"शहर",2729
"। अ",2703
"ता ",2700
"सित",2660
"तब ",2659
"ा त",2656
"ु प",2655
"्ता",2655
"्य ",2645
"ित्",2634
"रहे",2628
"उसल",2626
"क्ष",2625
"ोरा",2616
"ो र",2609
"सक्",2608
"ाला",2605
"े उ",2596
" ना",2595
"न्य",2593
"ी प",2581
"छैन",2579
"द्ध",2578
"र्थ",2576
"्रत",2560
"नन्",2538
"पछि",2533
"नाउ",2529
"ई स",2506
"हार",2493
"िने",2489
"ोस्",2486
"दिए",2476
"। उ",2474
"सुन",2473
"ो थ",2472
"र म",2469
"लाग",2465
"भु ",2455
"ुको",2449
"िन ",2448
"यो,",2445
"येश",2437
"राम",2430
" अर",2428
"ूर्",2427
"रे।",2425
"ेशू",2420
"वार",2415
"जस्",2408
"ो ज",2405
"यसक",2396
"नको",2391
"िएक",2382
"र्य",2380
"दैन",2366
"एर ",2358
"रण ",2338
"छि ",2336
" शह",2324
" छन",2318
" दु",2308
" नै",2305
"ा ल",2301
"्तै",2298
"ेछु",2294
"तो ",2293
"स्व",2290
"एउट",2288
"न ग",2287
"ारण",2279
"ो आ",2277
"रका",2275
"र्क",2270
" बस",2267
"पार",2250
"्ट ",2249
"ु। ",2247
"्ना",2235
"्छन",2233
"िया",2231
"कि ",2228
"र ग",2221
"। प",2215
" जो",2215
"मार",2213
"ैन।",2203
"े ज",2201
"ई द",2190
" छै",2190
"्दा",2183
"ू प",2182
"न। ",2179
" एउ",2174
"ा ज",2172
"ुनु",2153
"ई म",2151
"जब ",2148
"र स",2147
"्दै",2147
"े ह",2144
"्म ",2141
"ला ",2138
"रहर",2130
"यहा",2129
" पु",2129
"ाथि",2120
"माथ",2118
"्री",2106
"्तो",2105
" पू",2102
"ाहा",2077
"तै ",2075
"्त ",2074
"लका",2070
"हेक",2067
"काम",2064
"हिल",2055
"िर ",2049
" ये",2043
"र ह",2042
"े ग",2042
"छ, ",2042
"नका",2040
"यी ",2039
"्मा",2037
"ानी",2034
"जा ",2024
"ुन ",2020
"ाका",2003
"होस",2001
"उटा",1998
"ाँल",1994
"दि ",1991
"यदि",1990
"ो त",1987
"ुद्",1986
"िका",1985
"थि ",1983
"वरक",1980
"जना",1977
"ाए।",1976
"याह",1974
" खा",1969
"ू म",1967
"हूद",1967
"नला",1965
"ै प",1962
"सका",1960
"ि य",1951
"जसल",1948
"त्त",1948
"ाम ",1941
"यहू",1940
"ौ। ",1928
"ै म",1927
"ारा",1926
"विश",1920
"वर्",1919
"ि उ",1916
"भुक",1914
"र्व",1912
" से",1910
"रै ",1908
"ो श",1908
"कुन",1905
" छ।",1905
"छौ।",1896
"ूमा",1895
"रूम",1892
"र्म",1890
"ा आ",1887
"िरह",1886
"के ",1881
"एलक",1870
" शा",1857
"न प",1849
"ि स",1847
"ई त",1845
"सर्",1844
"गरि",1843
"ी क",1835
"रीह",1831
", म",1828
" भा",1820
"छु ",1811
"जो ",1801
"हुँ",1797
" मन",1789
"ेक ",1786
"ँदै",1781
"्ये",1780
"पूर",1776
"े ब",1775
"ि क",1761
"ो ल",1752
"ू स",1750
" रह",1749
" भे",1748
"एक ",1741
" सि",1731
"यस्",1727
"वा ",1721
" मह",1721
"नमा",1714
"ि अ",1713
" बो",1712
"्त्",1712
"ि ह",1707
"राख",1704
"िस ",1701
"अन्",1693
" भू",1685
"ुनै",1683
"ज्ञ",1673
"्छु",1669
"वास",1664
"्ञा",1659
"े द",1658
"केह",1657
"लेम",1655
"यसर",1651
"वित",1651
"ेला",1651
"परि",1641
" यी",1639
"ी ह",1639
"ाँच",1629
"लो ",1627
" पि",1626
"र अ",1623
"स्।",1621
"ेही",1620
"भूम",1620
"्ध ",1614
"्छौ",1613
"स्थ",1599
"ूमि",1598
"िमा",1590
"ँले",1589
"र ज",1583
" हे",1581
"िसल",1575
" अग",1574
"ज्य",1572
"कहा",1567
"रु ",1564
"यमा",1564
"ि द",1560
"दाऊ",1560
"जाह",1553
"ाऊद",1552
"चाह",1551
"ी ब",1541
" लग",1525
" लि",1524
" जब",1522
"त ग",1522
"ईंल",1518
"अर्",1515
"ई ब",1515
" बे",1514
" मर",1513
"उँछ",1505
"्दछ",1504
" यर",1503
"ठाउ",1497
"बलि",1496
"ाँक",1495
" कस",1494
"र्ण",1492
"ेरै",1491
"न द",1491
"ात्",1488
"ागि",1487
"धेर",1486
"ा श",1482
"रूस",1482
"ास ",1477
"पूज",1477
"िले",1476
"ि ब",1473
"ो ग",1471
"शाल",1468
"र ब",1467
"म ग",1467
"ीको",1465
"शूल",1465
" बि",1461
"उसक",1460
"उन ",1457
"ा य",1453
"याउ",1451
", अ",1450
"ू त",1448
"ण्ड",1447
"क्र",1446
"र द",1444
" आउ",1444
"पाल",1440
"ी द",1440
"ली ",1439
" ल्",1436
"नहर",1435
"नभन",1429
"रे ",1427
"यसल",1426
"ईंक",1426
"गि ",1425
"व्य",1424
" सह",1424
"ेखि",1422
"सन्",1422
"रला",1421
"सार",1420
"रत्",1415
" मि",1412
"उनल",1411
"उनी",1411
"ीमा",1408
"यसप",1407
" अब",1406
" गए",1400
"ब त",1398
"िनभ",1393
"बस्",1393
"ूजा",1391
"ेरा",1389
" को",1389
" आए",1389
"र य",1387
"ाएक",1385
"तिर",1383
"सँग",1382
"हे ",1378
"रि ",1376
"हेर",1374
"सपछ",1369
"सैल",1368
"्थ ",1365
" मो",1365
"येक",1363
" तब",1362
"श्र",1361
" जन",1357
"ू अ",1357
"ण ग",1354
"ंले",1353
" छु",1346
"ात ",1341
"समय",1341
" व्",1340
" धे",1339
"्था",1333
"दै ",1331
"समा",1327
"िर्",1324
"ेश ",1323
"हो।",1314
"पाप",1312
"क्छ",1306
"ा व",1305
"ोशा",1305
"पत्",1304
"ी त",1304
" सन",1302
"ि आ",1301
"पवि",1301
"छौ ",1301
"्रक",1297
"ेछौ",1295
" वर",1294
"ारे",1293
"ु, ",1291
"्का",1289
"या ",1288
" कह",1284
"ी र",1283
"र्ख",1283
"ू ज",1277
"ई क",1277
"बेल",1275
"िए ",1275
"ू र",1275
" घर",1274
"्छ,",1270
"न त",1266
"वर ",1264
"र आ",1260
" जी",1255
"्, ",1254
"ुला",1253
" यद",1251
"िता",1251
"मात",1250
" छौ",1246
"अनु",1245
"न, ",1243
"र भ",1242
" या",1241
"्दि",1235
"चार",1233
"ा, ",1233
"ौं।",1232
"निक",1231
"हन्",1229
"िनल",1228
"ई आ",1227
"े र",1226
"्रे",1220
"पित",1220
"िदि",1218
"कहर",1218
"जीव",1217
"की ",1216
"रुल",1214
" रू",1214
"। ह",1214
"्वी",1209
"र्ग",1209
"हान",1205
"ा च",1204
"यही",1203
"ाह ",1202
" अस",1200
"ि र",1200
"ू भ",1199
"ू ब",1199
"्रम",1198
"र र",1194
"शले",1192
"िवा",1189
"ुहर",1187
"ङ्ग",1186
"ँग ",1186
"ूदा",1183
"्ती",1181
"ू ह",1181
"िनक",1176
"विर",1169
"रति",1166
"ीका",1163
"पुर",1163
"े न",1160
"ध्य",1159
"। क",1159
"ी ग",1158
"एली",1158
"रहन",1151
" ले",1151
"म प",1149
", य",1144
"लको",1142
" रो",1139
"द्व",1139
"िक ",1137
"ारक",1136
"ि न",1136
" मु",1134
"शक्",1133
"ी अ",1132
" कर",1131
"ाने",1130
" जु",1128
"ुँद",1125
"स्न",1125
"ाहि",1123
"न अ",1121
"रार",1121
"्ण ",1118
"यरू",1118
"ा उ",1115
" सो",1113
"माल",1111
" ठा",1102
"बोल",1101
"त ह",1101
"र, ",1100
" पव",1099
"्रु",1099
"लगा",1099
"र न",1097
"मन्",1096
"जुन",1095
"िहर",1094
"रेम",1094
"ैं ",1092
"ंको",1092
"ख्न",1087
"िको",1086
"सो ",1084
"ई अ",1082
"ट्ट",1079
" गा",1079
" हि",1079
"पठा",1079
" शि",1079
"रूश",1078
"।” ",1077
"न म",1075
"ो च",1073
"ूशल",1073
"र उ",1072
" पठ",1071
"मोश",1071
" सं",1070
"ी भ",1067
"काल",1064
"न्,",1064
"ई न",1064
"हात",1063
"ू ग",1061
"छ।”",1061
" बल",1061
" छा",1059
"रूब",1058
"र क",1057
"बाह",1057
" पह",1055
"हिर",1052
"ि भ",1048
"्यौ",1048
"ेरि",1045
"पाउ",1042
"दिर",1042
"ु त",1035
" छ ",1034
"अघि",1033
" आज",1033
"िला",1032
" पत",1032
"योग",1031
" खु",1031
"ै ह",1028
"ं। ",1023
"छौं",1022
"िल्",1021
"लिक",1017
"खान",1015
"े ए",1015
"ै क",1014
"याक",1014
"यार",1013
"। ज",1012
" “त",1011
"र्त",1011
" “म",1010
"ब म",1008
" अध",1007
"ौं ",1004
"ाल ",1002
"उँद",999
" क्",999
"ुहो",998
" था",995
"शास",995
"ी ज",995
"ुर्",994
"ँको",993
"ेमा",993
"ि ज",991
"छ अ",991
"ाज्",990
"ो उ",988
" फर",987
"निर",986
"सरी",985
"कसै",984
"ो घ",983
"न र",982
"ाली",982
"ैनन",980
"नेक",980
"लिए",977
"ाग्",976
"ी न",976
" मू",975
"तान",974
" शक",973
"ि ग",967
"ोला",967
"उँ ",967
"तहर",967
"्।”",966
" चि",965
"वस्",964
" पछ",963
"ुक्",963
"ए अ",962
" उत",961
" अघ",956
"ुष्",954
"म्प",952
"ै स",951
"ालि",949
"उत्",947
"बाल",944
"कुल",944
"ाख्",943
"िसक",942
"ारि",941
", प",939
"विष",939
"यसै",936
"ेना",936
" चढ",934
"ू क",934
"दाक",934
"बाँ",933
"नाए",930
"मको",930
"लाह",929
"छ त",929
"सेव",929
"न क",928
"सेन",928
"खि ",925
"ानक",924
"ए, ",918
"संग",916
"ख्र",915
"ई ज",914
"दी ",912
"ल्ल",911
"रूद",910
"ेखे",907
"ई य",906
"फर्",904
"ी छ",903
"रिव",903
"पान",902
"धिक",902
"र्ष",901
"बाब",901
"्षा",899
"क्न",895
" बु",889
"ो ख",887
"मिश",886
"आउन",884
" अह",880
"ल्न",879
"्यक",879
"अरू",879
"ीवन",877
"ी आ",877
"घि ",877
"वाह",875
"ेम ",875
"दान",874
" खो",872
"ूबा",872
"याल",871
"सहा",871
"ेछ ",867
"न च",866
"। स",864
"्रह",864
"ईं ",863
" जे",862
", ‘",862
"ाप ",861
"ताह",859
"कै ",858
"्तर",858
"ग ग",857
"लमा",856
"े श",854
"ेख्",853
"प्त",853
"गर।",850
"रेर",849
"भेट",849
"निय",849
"दुष",847
"्खा",846
"्यव",846
"न्थ",845
"ो य",844
"ू, ",841
"अधि",840
"ूद्",840
"िएर",839
"ानह",839
"त प",838
"ू य",837
"साँ",836
"ऊ। ",835
"् अ",834
"र ल",834
"ोग ",832
"मर्",832
"ाहन",831
"डा ",830
"तिह",827
" सर",827
"ञा ",825
"जाल",825
"चढा",824
"थ्य",823
"रीष",821
"ीष्",821
"ारल",820
"्को",818
"ा ख",818
"याए",817
"े व",816
"ैनौ",814
"भित",813
"न न",813
"ोरी",813
"भाग",812
" ज्",812
"नेर",812
"राउ",810
"फेर",808
"ट प",808
" फे",807
"ाना",806
"ूसि",806
"मय ",804
"हो ",802
"ू आ",802
"न भ",801
"छ भ",801
"रू,",801
"ममा",800
"शत्",799
"रिय",798
"“ति",795
"नुप",795
"्टा",793
", ज",793
" पश",792
"ंसा",792
"यसो",791
"सा ",790
"ुपर",790
"ोमा",789
"े च",789
"ाऊ।",786
"ऊदल",786
"बार",784
"िरू",782
"ा ए",781
"आज्",780
" लु",780
"थान",779
"ानल",778
"ाएर",777
"्थे",776
"द्र",775
"स प",774
"तमा",772
" शत",772
"्ला",771
"ै ग",770
" एल",770
"ू द",770
"ास्",769
"लले",767
"मका",767
"ग्न",766
"िषय",766
"नान",766
" उप",765
"उँन",764
"चाँ",763
"न ह",762
"लि ",762
"अगम",762
"ीन ",761
"याय",761
" आश",760
"ो ए",759
"ि ल",759
"गमव",759
"मूर",757
"रूप",756
" ता",755
"भनी",755
"त भ",754
"ुवा",753
"त्म",752
"िक्",751
"स ग",750
"नाह",749
"लाम",749
"रिर",748
" ची",748
"े इ",747
"ोरो",747
"ँ। ",747
"अथव",747
"थवा",747
"उनक",745
"वटा",745
"त्न",745
", क",744
" ख्",743
"िस्",742
"ोइन",739
"ुका",738
"कर्",737
"पहि",736
"रिन",735
"होइ",735
"ब्र",735
"लिन",733
"ु अ",731
"न ब",731
"रिद",731
"ई ह",730
" भो",730
" मृ",730
"साम",729
" अथ",729
"मृत",728
"अब ",727
"शू ",726
"षयम",724
"ट म",723
"समू",723
"ानु",722
"ग्र",722
" अत",721
"रक्",721
"महा",721
"ताक",720
"ि ए",719
", ह",719
"यहो",719
"गए।",718
"चीज",717
"ू थ",717
"ूदी",717
"टो ",716
" शु",715
"कमा",715
" टा",713
"रून",713
" बच",712
"ाबा",712
"याँ",712
"ाद ",711
"ँमा",710
"स् ",709
"परा",709
" ध्",709
"दीह",709
"पृथ",708
"स स",708
"स म",708
"रबा",708
"मूह",708
"यता",707
"साथ",706
"्नी",705
"रिए",704
" चे",704
"थ्व",703
"ेल ",702
"ृथ्",700
"म म",700
"्रश",700
" नद",699
"दण्",699
"आत्",696
"ाए ",696
"ालक",696
" उठ",695
"मुख",695
"एँ।",694
"्ड ",694
"न थ",693
"दैछ",693
"ि च",692
"यौ।",690
"ई उ",689
"ै त",689
"ामक",686
"ासन",685
"महर",685
"दूत",685
"्यू",685
"ै ब",684
"वीक",684
"जे ",683
"छोड",683
" “ह",683
"ि व",683
"ेखा",683
"िएन",682
" भर",681
"ाति",680
"ंग ",680
"कहि",679
"टी ",679
" आत",678
"ू ल",678
"ई र",677
"ारम",677
"दले",676
"हाय",676
"सल ",675
"मि ",675
" यु",675
" वे",674
"बन्",672
"्यु",672
"र। ",670
"ी थ",670
"्थ्",669
" दण",669
"सके",669
"छ ज",667
" आद",667
"हर ",665
"एकज",664
" पृ",663
"थे।",663
"देऊ",663
"भाइ",662
"लहर",661
"ैन ",661
"ु म",661
"ै न",660
"ट आ",660
"लन ",660
"शमा",659
"ैला",659
"न्ध",659
"्मि",659
"्थन",659
" आक",656
"ालन",656
"वक्",656
"कजन",654
" वा",654
"ट ब",652
"न ज",651
"ुल्",650
"ागे",650
" नर",649
"रोध",649
" झै",648
"असल",647
"िएँ",647
"ै द",647
"ै भ",646
"बचा",646
"् त",646
" जम",644
"शी ",644
"षा ",643
"ट ह",642
"मवक",642
" हर",641
"झैं",640
"्ष ",638
" ते",635
"कले",635
"गरी",634
"थना",634
"िए,",633
"जहा",632
"पशु",631
"ंला",631
"आएक",630
"्वत",629
" “य",629
"नुस",629
"्नै",628
"रील",627
"नष्",627
"म स",626
"ू न",626
"ल स",626
" डर",625
"ौ, ",625
"ोल्",622
"्गा",621
"था ",619
"ा ध",619
" नष",619
"ँला",618
"ुरू",618
"ख्य",618
"देव",618
"धार",617
"ि श",616
"ृत्",616
"य ग",616
"ताल",615
", स",614
"? क",614
"ोका",613
" जह",613
" धन",613
"ाँद",612
"हरह",611
"धमा",611
"जहर",610
"कोछ",610
"वचन",608
"ह्र",606
"ाटो",605
" सत",605
"ाँड",605
"यान",605
"निन",603
"होश",603
"केक",602
"ई ख",602
"अहि",602
"अब्",602
"नाक",601
"त र",601
"ँच्",600
"ै अ",598
"ेवा",598
"ुमा",596
"भनि",596
"यौ ",595
"नाम",595
"लाउ",594
"नौ।",593
" खे",593
"ँ आ",593
"ाल्",592
"क स",592
"ी, ",592
"ै छ",592
"आफू",590
"म य",590
"ाऊल",590
" तु",589
"इरह",589
" वच",589
"ानम",588
"ी य",588
"्रय",587
"जन्",587
"भए।",587
", उ",587
"ई च",587
"भु,",587
"दुइ",586
"पहा",586
"सत्",586
"ुत्",586
"रुक",585
"शाऊ",585
"च्च",584
"वन ",584
"ब प",583
"िहा",583
"ा फ",581
"छ र",581
"शुद",581
"ाहक",581
"लिय",579
"ु।”",579
"हिन",579
"मले",578
" न्",578
"ै र",577
"युद",577
"हका",576
"नगर",576
"ें।",575
"करा",574
"ोजन",574
"ी व",574
" आग",574
"ायत",573
"क म",573
"वाद",572
" यू",572
"श्च",572
"लीह",572
"नाल",571
"ारह",571
" नग",571
"िलो",570
"वेद",570
"गाउ",570
"न ल",570
"र छ",570
" भि",569
"लेख",569
"्टि",568
"ेर्",565
"ई ध",565
"ेनन",565
"ाहल",565
"आउँ",563
"मीन",561
" लड",559
"क प",557
"इन्",556
"जाक",556
"चाउ",556
"मिम",555
"च्छ",555
"गरा",553
" अश",553
"यर्",552
"थाल",551
"रात",551
"राक",551
" पल",551
"ेदी",550
"न आ",549
" बत",548
"नरा",547
"्तु",546
"पमा",545
"रुह",545
"ठूल",544
"“म ",544
" हौ",544
"खाल",544
"भए ",543
"ाँस",541
"भेड",541
"शान",541
"ु स",540
"ाकू",540
"सुल",539
"ुशी",539
"ामल",539
"ारू",539
"छु,",538
"खुश",538
"िशा",538
"हने",537
"ेवी",536
"न्म",535
"हले",535
"ोले",534
"उँम",534
"माण",534
"यन्",533
" दो",532
"ाण ",532
"रीक",532
"ोन ",532
"ाबे",532
"ाय ",532
"िना",530
"कूब",530
"ेडा",528
"्के",528
" आँ",528
"र श",527
"ाप्",526
"ँ प",525
"ै ज",524
"ञान",523
" जि",522
"आगो",522
"आफै",520
"ौ भ",519
" नज",519
"र च",518
"्दे",517
"ी श",516
" ऊ ",514
"जवा",513
" जव",512
"्यै",510
" कम",510
"पाए",509
"त म",509
"शा ",509
"क क",509
"लेव",509
"सात",508
"पुग",508
"ै आ",508
"जाऊ",508
" शर",507
" अझ",506
"नदी",505
"ै थ",505
"ढाउ",505
"धर्",505
"ई व",504
"े ख",504
"सैन",504
"चेल",503
"यै ",502
"े ल",501
"वता",501
"्रै",500
"दाख",500
"ावल",500
"ेवत",500
"्गद",499
"ठाए",499
"र व",498
"रिस",498
" सै",498
"्कि",497
"ो ध",497
"ोही",497
"बुझ",495
"ट ग",495
"डाह",495
"रयो",494
"ासक",494
"यौं",494
"् र",493
"काउ",493
"मध्",493
"ई ल",493
"कोह",493
"ियौ",493
"ुल ",492
" मस",492
"ब य",492
"म अ",491
" सी",491
"अगु",491
" गि",490
"ी च",489
"लेक",489
"ायो",489
"म र",489
"रिप",489
"गुव",489
"तिक",488
"ु ज",488
" घट",488
"ँ त",487
"ु क",486
"हेछ",486
"म क",486
"ाश ",485
"जात",485
" ढु",485
"लला",484
"हरम",484
"ग्य",483
"े ध",483
"हा ",483
"तार",482
"त स",481
"सान",480
"रीर",480
"ेऊ।",480
"ह ग",479
"म ज",479
" उभ",479
" ठू",478
"ध्व",478
"मुद",477
"बता",477
"किय",477
"सोध",477
"णा ",477
"थाह",477
"च्न",476
"गदू",475
"00 ",475
"ाखे",475
"तले",475
"ू ख",475
"मिक",474
" फि",474
"ेशम",473
"ाइ ",472
" आइ",472
"जित",472
"ाऊ ",471
"्रद",470
"य म",470
"्वं",470
"ंश ",470
"ूलो",469
"यात",469
" आम",468
"दछु",468
"्पू",467
"य प",467
"ने।",466
"दोष",466
"ड द",465
"श ग",465
" छे",465
"ियम",465
"ीजह",464
"दाज",464
"आदे",464
"दीक",463
"त ब",463
"िरक",463
"एन।",462
"म्झ",462
"बसे",462
" चु",461
"साह",461
"गे।",461
"ा घ",460
"मयम",459
"वंश",458
"समु",457
"शेष",457
"रिक",457
"र थ",457
"् ज",456
" सद",456
"फूल",455
" गो",455
"बिन",455
"ो ठ",454
"खाह",454
"ाह्",454
"सी ",454
"क ह",453
"ए ज",453
"ैनि",453
"भरि",452
"ई श",452
"ण त",451
"ण म",451
" बी",450
"ोको",450
"एल ",450
"शिक",449
" फल",448
"ुङ्",448
"राप",448
"ट्न",448
"ेष ",447
"डी ",447
"हनु",447
"घर ",446
" गु",446
"ी ल",445
"यक्",444
"्रि",443
"र फ",443
" कत",443
"क्क",443
"य ह",443
"ी उ",442
"ि छ",442
"श प",441
"्नक",441
"खोज",441
"सिक",441
"ालो",440
"र ए",440
"गा ",440
"े थ",440
" अम",440
"अत्",439
"िज्",439
"उभि",439
"शरी",438
"ुबा",437
"ए त",437
"र्श",437
"श्श",436
"ाया",436
"हरक",435
"दास",435
" झू",435
"। द",433
"खाउ",433
"स्क",432
"महि",432
"तिल",432
"शूक",431
"याम",430
"ू च",430
"झूट",430
"हाल",429
"एनन",429
"। आ",429
"भएर",428
"तीन",428
"पक्",428
"ोआब",428
"िइन",427
" धर",427
"ुँ।",427
"धान",427
"ुसा",426
"छ क",426
"तया",425
"ासी",424
"ू छ",424
" पक",424
"ा-प",424
"ई ग",423
"ुगा",423
" घो",423
"ूसँ",422
"्धम",422
" र्",422
"कति",421
"संस",420
" तय",420
"ल र",419
"त क",419
" चो",419
"स ज",419
"सोच",419
"काँ",418
"श्त",418
"नया",418
"मोन",418
"ै व",417
"लुग",417
"ाथ ",417
"ले।",416
"दिय",416
"टि ",415
"यति",415
"प ग",415
"केर",415
" नय",415
"चिन",414
"ि ख",414
"विव",414
"दिइ",414
"रें",414
"वी ",413
"ई ए",413
"ब स",413
"पुत",412
"सन ",411
"यवस",411
"काश",410
"नोक",410
"त छ",410
"न।”",409
"काछ",409
"राल",408
"छौ,",408
"ौ त",407
"्षक",407
"खेत",406
"ेलक",406
"्धि",406
"खे।",405
"ाता",405
"आमा",404
"गर ",404
"ु र",403
"सुर",403
"ँने",403
"चन ",403
"दार",402
"स द",402
"दछन",402
"क अ",402
" “प",401
" यि",401
"र ख",401
"ामह",400
"ये ",400
"हो,",400
"िपर",400
"यूस",400
"कष्",399
"म द",399
"म ब",399
"ुभए",399
"्यत",399
"ल ह",398
" नो",398
"घरम",398
"गाए",398
"तर्",398
"् भ",397
"भोज",397
"ेछै",397
"वरि",397
"रा-",396
"्यन",396
"हत्",396
"। ए",396
"िष्",395
" अप",395
"रवा",394
"यको",394
"म न",393
"“हे",393
"त त",393
"दया",393
"्षम",393
"ुट्",392
"हास",392
"न य",392
"लाक",392
"्मी",392
"ेवक",392
"ूसु",392
"सुफ",392
" आव",391
" जल",390
"जन ",390
"िरो",390
"ूपम",389
"फैल",388
"ोग्",388
"तुल",388
"। ब",388
"ंका",388
"बले",388
"योआ",388
"ँ ग",386
"डरा",386
"हिं",386
"्षि",386
"र्फ",386
"ं, ",385
"लिश",385
"” य",385
", र",384
"छौ?",384
"नेह",384
"शुह",383
"ेशक",383
"ाबु",383
"कको",383
"ि ध",383
"ँ ज",383
"िशे",382
"ाज ",382
"ब उ",382
"्द ",382
"ँका",382
"ाएँ",380
"ुरक",380
"। र",380
"ेकी",379
"तैन",378
"कला",377
"। श",377
"ज्ज",377
"इएक",377
"ीत ",376
"ई छ",375
"ौ।”",375
"ेहर",375
"ेमक",375
"न? ",375
"ेमम",375
" बह",374
"वेश",374
"तिज",374
"षमा",374
"टुक",374
" धा",374
"गाल",374
"ाइन",373
"ें ",373
" जत",373
"पलि",373
"मस्",371
"ुग्",371
"फिर",371
"्छ?",371
"ताउ",370
"ेले",370
"रान",370
"ाहे",370
"रशं",370
"ू उ",369
"ल प",369
"ीसि",369
"हृद",369
"ृदय",369
"मूल",369
"खेक",369
"रेन",369
"शंस",369
"उमा",368
"न छ",368
"क ज",367
"हाड",367
"ोटी",367
" मध",366
"याद",366
"हीन",366
"ाफ ",366
"साक",366
"िकह",366
"नील",365
"गाह",365
" हृ",365
"ोनक",365
"छाड",365
"वर,",364
"ाक्",364
"म आ",364
"पाव",364
"आका",363
"स ब",363
"तको",363
"िरम",363
"हरे",363
" कष",362
"“पर",362
"खिए",362
"ँछन",362
"दला",362
" दय",361
"दाह",361
"मुक",361
"ाग ",360
"ं म",360
" रक",360
"ँदी",360
" बढ",358
"गेक",358
"मै ",358
"चो ",358
"-भा",357
"जिक",357
"स र",356
"मास",356
"ाकि",356
"ँछ।",356
"सिं",356
" वस",355
"ाइद",355
"ढोक",355
"रूख",354
"ँ म",354
"िदे",354
"ोकर",354
"एँ ",353
"सीह",353
"न श",353
"रोट",353
"रित",353
"मुन",352
"िद्",352
"पात",352
" रि",352
"हको",352
"परे",352
" नब",352
"स ह",351
"ि, ",351
"ल्ट",351
"ारो",350
"क र",350
"टाढ",350
"ँ क",350
"लाए",350
"ायक",349
"ँचो",349
" आन",349
"शिम",349
"्लो",348
"ट त",348
"तरव",348
"ो।”",348
"ै श",348
"ोशि",348
"पट्",347
"र्प",347
"वाफ",347
"दर्",346
"इन।",346
"ट क",346
"मीस",346
" आर",346
" तथ",345
"म उ",345
"ल क",345
"रोक",345
", ब",345
"ँ अ",345
" टु",345
"स्य",345
"्दो",345
" घा",344
"ढुङ",344
"तथा",343
" हत",343
"ोबा",342
"छा ",342
