"ny ",132401
"ana",71286
" ny",52780
"a n",48395
"na ",47510
"y n",42911
"ami",37393
"'ny",36869
"n'n",36858
"in'",35858
"min",35650
"tra",35159
"sy ",34640
"any",34039
"y a",33682
"ry ",33226
"ka ",32958
" an",29309
" iz",28910
"y t",28792
"ra ",28635
" ta",28456
"o a",28332
" na",27896
"a a",27718
" am",27571
"ia ",27365
"nan",27346
"ndr",25436
"aha",24219
"iza",24158
" ho",24142
"y m",24011
" fa",23951
"ao ",23708
"aka",23080
"ina",22768
"y f",22187
" ma",21609
"dia",21448
"a h",21144
" di",20988
"a i",20555
"y h",20278
"n'i",20222
"a t",20145
"ay ",19994
"nao",19586
"an'",18974
" ha",18887
"ho ",18365
"a, ",18294
"'i ",18264
" no",17855
"ara",17760
"ona",17434
"and",17342
"y, ",16723
"man",16604
"ran",15392
"y i",15288
"a m",15230
"eo ",15151
"ian",15057
"o n",14992
"fa ",14973
"han",14816
"tan",14558
" ar",14342
"no ",14327
" sy",14065
" ni",14037
"itr",14023
"zan",13644
"ary",13625
"zay",13440
"Ary",13258
"atr",13194
"tsy",12660
" ka",12606
"ani",12125
"iny",12092
" ts",12085
"o, ",11800
"reo",11656
"y r",11191
"ano",11034
"tam",11030
"ama",10556
"nar",10538
" Je",10364
" mi",10058
"reh",10053
"izy",9959
"ova",9926
" fi",9890
"are",9879
"nit",9786
"olo",9626
" mp",9504
"ala",9460
"o h",9371
"fan",9257
"a s",9234
"zy ",9226
"vah",9119
" te",9006
", d",8989
" re",8897
" ra",8889
"ria",8756
"etr",8713
"dri",8682
"ava",8650
" az",8549
"mpa",8544
" hi",8509
"efa",8407
"dra",8361
"eho",8349
"ehe",8275
"ira",8273
"tao",8249
"y s",8191
"o i",8161
"ita",7982
"y v",7965
"nak",7940
"hov",7875
"ata",7820
"nat",7784
"aho",7749
"rak",7729
"i J",7685
"aza",7648
"ain",7626
"ko ",7612
"oa ",7590
"Jeh",7568
"ny,",7383
" za",7367
"pan",7230
"ony",7200
"lon",7031
"nin",7028
"hit",7007
"het",6975
", a",6959
"ena",6942
"rin",6897
"an-",6869
"o t",6739
" sa",6667
"y k",6580
"mba",6559
"ha ",6328
"fah",6315
"ten",6315
"hat",6289
"nga",6287
"ahi",6274
"y l",6255
"anj",6238
"rah",6227
" va",6219
"amp",6180
"ire",6150
" la",6149
"ahy",6127
"mpi",6108
"na,",6094
"dro",6084
"azy",6067
" to",6061
" vo",5858
"ila",5812
"tsa",5806
"a d",5723
"oan",5720
"ant",5717
"eny",5640
"nja",5613
"o m",5602
"ly ",5584
"amb",5562
"ako",5535
"a r",5477
"nam",5452
"vy ",5426
"hy ",5412
"iam",5381
"avy",5365
"oy ",5331
"lah",5307
"o f",5296
"ari",5283
"ton",5247
"ito",5219
"y o",5195
"non",5163
" ko",5127
"nah",5118
"ba ",5103
"ika",5078
"y; ",5024
"ro ",4990
"ny.",4947
"mpo",4933
" av",4906
"on'",4903
" mb",4866
"za ",4844
"ely",4803
"ah ",4798
"la ",4777
", n",4757
"a f",4751
" ah",4740
"And",4719
", k",4680
" ia",4672
"era",4671
"hin",4668
"oka",4625
"kan",4605
" ir",4567
"ham",4558
" ef",4555
"tsi",4548
"ren",4539
"isy",4467
"y J",4448
"ehi",4445
"hoe",4412
"y z",4412
"dy ",4407
"iha",4400
"a; ",4399
"jak",4389
"ank",4325
"koa",4316
"a e",4300
"aon",4295
"voa",4257
"san",4254
"iko",4241
"n-t",4240
"oko",4237
"lan",4236
"mbo",4230
"ola",4182
"ato",4178
"a k",4159
"ang",4144
"y d",4126
" Iz",4124
"Fa ",4123
"ak'",4110
"ora",4102
" ol",4096
"y e",4083
"ta ",4080
" ao",3992
"zy,",3964
"eha",3954
"ind",3924
"nia",3919
"omp",3873
"van",3841
"Dia",3829
"asa",3809
"ady",3794
"; a",3788
"oe:",3788
"afa",3785
"rat",3762
" Ar",3749
" in",3748
"nts",3729
"nom",3717
"teo",3717
"otr",3716
" eo",3687
"oha",3680
"sa ",3656
"fit",3650
"mar",3617
"tar",3576
"din",3567
"ray",3557
"isa",3548
"elo",3539
"ra,",3524
"a v",3519
"ty ",3493
"vav",3490
"ats",3479
"ao,",3457
"idi",3448
"sir",3439
"hoy",3404
"e: ",3370
"sin",3362
", i",3356
"oho",3334
"avi",3295
"tah",3275
"sar",3271
" fo",3267
"its",3260
"ron",3240
"y I",3235
"'iz",3228
"o s",3220
"osa",3191
"oro",3167
"nen",3164
", f",3156
"Iza",3155
"avo",3151
"mah",3134
"lo ",3123
"zy.",3105
"ael",3091
"zao",3076
"ela",3066
"mas",3063
"àna",3062
"na.",3052
"alo",3046
"aro",3042
"to ",3024
"o; ",3002
"laz",2973
"asi",2971
"ong",2946
"Isi",2928
"rae",2896
"hal",2889
"oni",2882
"adi",2867
"ga ",2850
" An",2846
"omb",2844
" Jo",2819
"iva",2810
"Ny ",2788
"y A",2760
"azo",2744
"har",2736
"ati",2733
"ond",2726
", m",2690
"leh",2676
"roa",2674
"hak",2659
"haf",2642
"noh",2640
"k'i",2634
"nta",2624
"va ",2619
"amo",2598
"zah",2581
"lal",2563
"pon",2550
"ino",2533
"ali",2524
"'An",2513
", s",2493
"fia",2483
"ale",2480
"ny;",2461
"a: ",2459
" le",2454
"sik",2437
"rai",2429
"o k",2422
"ane",2407
"zav",2401
"am-",2396
"mon",2369
"n'A",2362
"n-d",2361
", r",2354
"nde",2347
"eo,",2327
"gan",2321
"a l",2311
"ame",2305
"nka",2299
"nis",2288
"hav",2288
" en",2280
"tso",2261
"loh",2223
"o e",2220
"ram",2216
" at",2212
"osy",2194
"iar",2193
" lo",2185
"vat",2182
"y: ",2182
"; f",2172
"eni",2170
"haz",2168
"tri",2163
"mis",2154
" Ah",2152
"von",2150
"mit",2144
"mia",2141
"tin",2140
" Is",2130
"end",2120
"ky ",2118
"ma ",2106
"ota",2097
" Fa",2079
"aso",2078
" he",2063
"oak",2057
"ate",2038
"ra.",2036
"ahe",2032
" ih",2032
"o l",2032
"aba",2028
"Izy",2026
"dry",2018
"hah",2014
"m-p",2007
"fat",2003
"sor",1997
" al",1995
"ite",1986
"soa",1973
"a A",1967
"by ",1951
"afo",1943
"o v",1935
"ter",1927
"da ",1926
"mam",1920
"o r",1918
"dre",1911
"ene",1905
"sam",1902
"oma",1899
"ome",1896
"sad",1889
"ori",1886
"toe",1882
"men",1882
"ivo",1879
"hoa",1878
"lay",1878
"vol",1867
"fir",1863
"iso",1861
"ing",1853
"na;",1844
"ao.",1844
"deh",1839
" ro",1836
" Sa",1829
"rav",1812
"tok",1806
"ima",1797
"hia",1795
"-po",1790
"sak",1786
"ro,",1778
"afi",1774
"ka,",1771
"pia",1748
"kos",1747
"i A",1738
"zo ",1734
"eri",1733
", h",1732
"ent",1725
"ono",1722
"ngo",1721
" Ma",1721
"fon",1709
" mo",1701
"nay",1696
"fam",1693
"mat",1684
"ema",1684
"int",1675
" af",1671
"son",1670
"eso",1667
"tit",1664
"pah",1663
"bol",1654
"aok",1645
"iak",1642
"mal",1637
"did",1635
"o d",1634
" To",1633
"hef",1616
"-ts",1611
" tr",1603
"odi",1601
"aik",1599
"pit",1597
"tro",1565
"zy;",1560
"-ta",1560
"my ",1559
" Da",1555
"aty",1554
"mel",1533
"fin",1530
"rao",1509
" ne",1507
"aov",1503
"mby",1502
"hil",1497
"ho,",1496
", z",1491
"ra-",1490
"try",1488
"zai",1475
"tre",1472
"ero",1467
"mik",1465
"lam",1463
"nti",1457
"Tom",1447
"nàn",1440
"anà",1432
"vid",1432
"rik",1431
"ery",1427
"a. ",1424
"nef",1424
" is",1423
"ko,",1416
"aki",1413
"bon",1411
"Jes",1410
"aly",1409
"ave",1405
"ory",1405
"nol",1403
"hor",1399
"hot",1398
"ah,",1398
"vel",1397
", t",1393
"var",1390
" Mo",1390
"n-k",1385
"sos",1385
": I",1377
"y S",1374
"kar",1373
"vit",1371
"lin",1370
"-dr",1369
"h, ",1368
"vin",1358
"val",1354
"ose",1352
"lom",1349
"nto",1347
"kat",1347
"Jer",1347
"m-b",1344
" Az",1339
"sah",1331
"ros",1331
"sit",1329
"i S",1329
"ial",1327
"ida",1323
"a I",1321
"oto",1304
"ifa",1304
"sia",1303
"niv",1298
"sat",1296
" ve",1296
"ihi",1295
"bat",1288
"y M",1287
"y Z",1287
"esy",1287
"ada",1282
"ibe",1281
"nda",1281
"pis",1280
"y E",1273
"eta",1271
"en'",1263
"Dav",1262
" so",1256
"i M",1253
"her",1250
"ity",1249
"-pa",1248
"ia,",1243
" Za",1243
"y. ",1240
"fo ",1240
"eo.",1237
"toy",1236
"jan",1233
"Na:",1233
"a-p",1232
"be ",1231
"ohi",1229
" si",1227
"nir",1226
"mih",1226
"has",1223
"ndi",1221
"ndo",1221
"lem",1219
"tom",1214
"his",1205
" it",1203
"hiv",1201
"oda",1198
"pol",1195
"lok",1189
"in-",1187
"tat",1180
": A",1176
"riv",1173
"onj",1163
"dan",1161
"tia",1152
"ofo",1151
": M",1138
"sal",1138
", A",1132
" Di",1129
"po ",1129
"o A",1127
"ay,",1124
"tel",1124
"y b",1122
"sai",1119
"so ",1118
"hib",1114
"oly",1111
"lia",1109
"'Is",1109
"apa",1106
" il",1104
"kel",1102
"ao;",1098
"kal",1098
"ont",1096
" Hi",1092
"nor",1088
"hay",1085
"dit",1081
" Ha",1080
"ra;",1080
"rar",1080
"-tr",1080
"oer",1078
"fy ",1075
"amy",1072
"-da",1071
"vok",1070
"mbi",1068
"ny:",1065
"isi",1064
"vak",1060
"Aho",1060
" Na",1056
"Tsy",1055
"i D",1054
"pam",1052
"[Na",1050
"hel",1047
"iho",1041
" Ka",1037
"a J",1035
"mai",1032
" fe",1031
"had",1026
"hen",1026
"ovo",1024
" Ra",1017
"lot",1016
"aky",1015
". A",1012
"ban",1008
"tak",1007
"ive",1007
"Zan",1007
" Mi",1006
"ta,",1005
"Heb",1005
"nih",1003
" ak",1001
"nje",1000
"eza",992
"gon",985
"bar",984
"oba",983
"h n",982
"ist",982
"a z",977
"nki",974
"on-",973
"ly,",973
"-ka",972
"Jod",971
"boa",969
"oso",967
"y T",966
"ses",965
"io ",961
"dim",959
"loa",954
"ili",952
"rit",951
"vo ",950
"o: ",949
"Man",948
"evi",947
"nal",942
"bin",942
"Azy",939
"Hia",938
"oat",937
"Mos",937
" ry",935
"nil",931
"tol",926
"hai",924
"iad",924
"ris",921
"oal",920
"osi",919
"kav",918
"y K",914
"Rah",913
"afy",912
"ver",911
"tor",910
"hy,",909
"-ma",899
" Ts",899
"zon",898
"pak",897
" Ab",895
"aol",892
" Ja",885
"fak",884
"sy,",880
" Ba",878
"noa",876
"kiz",876
"eto",876
"k'I",875
"y F",869
"lav",868
"nas",867
"fot",866
"lat",862
"njo",860
"'ir",860
"Koa",858
"far",857
"oza",855
"-ba",854
"[He",853
"esa",852
"ka.",851
"vad",849
"kir",849
"oin",849
"ma,",848
"nik",841
"not",837
"[Ny",835
"oet",832
"kon",832
"-pi",827
"bok",825
"-bo",824
" on",824
"nod",818
"hir",816
"ots",816
"tàn",814
"bam",812
"alà",812
"eb.",812
"via",811
"y H",808
"fal",808
"b. ",808
": T",807
"rom",806
"kor",805
" Eg",805
" as",804
"; A",804
"i E",803
"taf",798
"nke",794
"boh",790
"gyp",790
"ilo",789
" Am",789
"Egy",788
"ypt",788
" be",787
"ini",786
"dal",786
"ere",786
"Ind",785
"aiz",784
"lis",781
" Be",781
"o. ",780
"a o",778
"maf",775
"toa",774
"i B",771
"hon",767
"ko.",761
"fol",758
"pet",756
"tr'",756
"mor",752
"nte",750
"a-m",749
" In",748
"eke",748
"eno",746
"h A",746
"oa,",744
"moa",743
"ret",743
"hih",742
"veh",741
"n-j",740
"eze",738
"Jos",731
" Ny",724
"vor",723
"-ja",723
"jen",721
"làn",719
"kia",719
"la,",716
", e",714
"y B",714
" et",712
"idy",711
"o z",711
"sas",709
"nid",708
"oav",704
"nie",702
"dor",702
" me",701
"mbe",698
"; F",696
"Ahy",695
"sao",693
"tez",691
" El",691
": N",688
" om",682
"e n",680
"raz",679
"; d",677
" He",671
"ion",670
"da,",669
". [",666
"iai",665
"las",663
"iav",661
"ay.",660
"abo",658
"kin",657
"vao",657
"iky",656
"o? ",653
" ai",649
" ô,",649
"ry,",647
"lai",647
"; k",647
"mil",647
"ah.",647
"pta",645
"a-t",642
"; n",642
"seh",641
"efi",641
"nof",640
"ety",640
"ô, ",639
"zer",638
"ija",637
"pok",637
"n'a",636
"iki",634
"nap",633
"tav",633
"iti",630
"poa",626
"sot",626
"iri",623
"hom",623
"fih",620
": H",620
"eo;",620
"sis",620
"nav",620
"zy:",616
"i K",616
" Kr",616
"ise",614
"oky",614
"Kri",613
" So",611
"rem",609
"Aza",608
"tad",608
"sty",607
"zar",606
"a] ",605
"na]",603
"va-",600
"ovy",599
"ho.",598
" ki",597
"bo ",596
".[N",596
"bel",594
"ben",594
"] A",593
"izi",589
" Ho",589
"oah",586
"sab",581
"nai",580
"fa-",578
"i H",578
"kao",577
"kob",576
"miv",575
"vot",572
"-te",570
"kas",570
"obo",570
"vet",570
"oe ",569
"hy.",568
" ti",568
"n'o",565
"im-",564
"Ka ",564
"'ol",563
"lit",562
"a b",561
"ken",561
"ngi",560
"y L",559
"eko",557
"hev",557
" ke",555
"Ana",555
"kai",555
"nif",555
"o J",552
": R",551
"jo ",550
" As",549
"Fan",548
"Sam",548
"eti",546
", I",544
"imb",543
"hol",540
"laf",539
"re ",538
"ao?",537
"feo",534
"abe",533
"zaz",533
" Le",532
"ko;",532
"k'o",530
"tỳ ",530
" Fi",527
"y.[",527
"y G",523
"omo",523
"ba,",521
" Si",520
" se",520
"y R",519
"met",518
"a H",518
"keh",517
"hik",516
"eon",516
" ad",516
" Ef",515
"mir",515
"ti-",515
"y? ",515
"ovi",515
"dik",514
"njy",514
"ny]",511
"r'i",511
"naf",509
"Sao",507
"hoh",506
"ka;",501
"zak",499
"e i",498
"hab",496
"asy",495
"zin",494
"ase",493
"Jak",493
"fis",492
"oas",491
" ba",487
"nek",486
"y j",486
"Aok",485
"y] ",485
"foa",483
"dio",483
". D",482
"enj",482
"aor",482
"evo",482
"fid",480
"ie ",479
" tà",478
"y D",478
"zat",477
"ipe",476
"bib",474
"ehy",474
" Se",473
" Mp",473
" [ ",473
".[H",472
"Kan",471
" vi",470
"eli",470
"aga",470
"lak",469
" Ne",469
"mif",468
"feh",468
"kaz",467
"Eny",467
"oa.",467
"ty,",467
"sim",465
"apo",464
"mak",463
"hod",462
"rov",462
"kit",459
"h i",458
"jy ",458
"h t",453
"lov",453
" bi",452
" En",452
"i-t",452
"ets",451
"mad",451
"py ",450
"ifi",450
"rot",449
"ny?",449
"ly.",448
"ỳ a",448
"Efa",447
"der",447
"Moa",447
"res",445
"noi",444
" im",444
"a.[",444
"ozo",443
" io",442
"nko",442
"dos",442
"til",441
"za,",441
"ho;",439
"Far",438
"nio",438
"me ",437
"oki",437
"bor",437
"h a",436
"vy,",435
"bab",435
"o b",434
"i N",431
"nim",431
"nov",430
"ais",430
"fok",429
"Eli",428
"ta.",427
"rok",427
"a? ",425
"jer",425
"koh",424
"hid",423
"mpy",421
"Lev",420
"ofi",419
"hao",418
" Pa",418
"'il",417
"imo",417
"kam",416
"fik",416
"Aro",414
" ri",412
" Ji",412
"sa,",409
"kap",409
"tal",408
" Ta",407
" Sy",407
" bo",404
"eba",404
"a S",403
"o I",402
", T",402
"imy",401
"ide",401
"tai",400
"ake",400
"jat",399
"Mpa",399
"e a",397
"o o",395
"pih",395
"loz",395
"oab",394
"ele",392
"iel",391
"bav",390
"y P",390
"Fil",390
"tot",390
"Nef",389
"ifo",389
"sy.",388
"Isa",386
"fen",386
"aja",384
"aim",382
"a-b",381
"sti",379
"ezi",377
"? A",375
"om-",375
"one",374
"lao",374
"dev",374
"i Z",374
"tov",372
"o-p",372
"gat",372
"lo-",370
"ile",370
" Gi",368
"eka",368
"Ry ",367
" Me",365
"Ho ",364
"ay;",364
"tob",364
"a M",362
"piv",361
"pin",361
" je",361
"ias",360
"nji",360
"hok",360
"mid",360
"-tà",360
"gin",358
"ios",358
"hos",357
"fa,",357
"tab",357
"Sol",356
"'an",355
"rob",355
" Ga",355
"hy;",354
"got",354
"rà ",354
"sip",353
"ibo",352
"pir",351
" do",350
"aby",350
"oar",349
"Abr",349
"bra",349
"fil",347
"ra]",346
"na:",344
" Zi",343
"nes",342
"ma.",341
"; i",340
"mom",339
"tap",339
"oam",338
"sok",337
" Pe",337
"nos",336
"atỳ",336
"; N",336
"Bab",335
", J",335
"inj",333
"Mas",332
"mof",332
"ylo",332
"yri",331
": E",331
" Ze",330
"byl",329
"roh",328
"lob",327
"pif",326
"e, ",325
"tik",325
"r. ",325
"sef",324
"Gr.",322
"iby",321
"oa-",321
"h T",321
"tes",321
"na-",320
"'it",319
"a-d",318
"lev",318
"ete",317
"ord",317
"ody",317
"Jio",317
"emo",315
"fif",315
"lel",314
"jel",314
"ije",313
"ha,",313
"h ô",313
"Han",311
" el",311
"ni-",311
"i G",309
"toh",309
"oby",309
"n'I",308
"nad",308
"jar",308
"rap",308
"i-p",308
"y N",307
"Mit",307
"aia",307
" Ao",306
"bet",305
"Nah",305
" iv",304
"mo ",304
"iro",303
"sen",302
"ebo",302
"lo,",301
"obi",300
"ivi",300
"i P",300
"ta;",299
"nip",299
"si-",299
"Bet",298
"ia.",297
"-do",297
"eki",297
"ihe",296
" Ko",296
"raf",295
"esi",295
"nij",294
"lik",294
"bia",294
"rer",293
"ry.",293
" ot",293
"saf",293
"hof",293
"ofa",292
"ja ",291
"jam",291
"Ben",291
"dir",290
"hif",289
"emi",289
" Gr",289
".Ar",288
"i F",288
"ras",287
"doh",287
" No",286
"Joa",286
"Amo",285
" [N",285
"nel",281
"'on",281
"sof",281
"emp",281
"no,",280
"oaf",280
"y! ",278
"oli",278
"Ham",277
"h h",277
"sol",276
"da.",276
"loi",275
"-to",274
": n",274
" La",274
"ro.",274
"; M",274
"Abi",274
"kih",273
"n-e",273
" rà",272
"nok",271
"-ef",271
"mek",268
"oa;",268
"; e",268
"o.[",268
"iry",267
"ral",267
"teh",267
"i-m",267
"na?",267
"fra",266
"-la",266
"-ke",266
"ri-",264
"Na ",264
"div",263
"oel",263
"Bal",263
"; t",261
"ty.",261
"ah;",260
"sa.",258
"ife",258
"dah",257
"; m",256
"ntr",256
"; h",254
"[ G",254
" Re",252
"les",252
"adr",251
"Jor",251
"mot",251
"net",251
"tem",251
"Aha",251
"vil",250
"to,",250
"fai",250
"Ami",250
"eva",249
"ier",248
"pio",247
"Mah",246
"za.",246
"Ire",246
"dil",246
"odo",245
"gag",245
", v",244
"-ki",244
"ah:",243
"fij",243
"pik",242
"etỳ",242
"don",241
"bad",241
"ly;",240
", D",239
"h; ",239
"-ha",239
"hiz",238
"mij",238
"vy.",237
"api",237
"lea",237
"ker",236
"pid",236
"a (",236
"iom",235
"ily",235
"a ô",234
"oil",234
"i-d",233
"zoa",233
"nab",233
"bot",233
" zo",233
"lef",233
"o-l",233
"rif",232
"dy,",232
"bil",231
"ven",230
"ibi",230
"ore",230
"iba",230
"h: ",229
"rad",229
" Es",229
"eo?",229
", l",228
"tet",228
"fio",227
"ber",227
"la.",227
"lez",227
"rda",227
". I",227
"gaj",227
"Tam",226
"la-",226
"Sal",226
"Pao",226
"jin",225
" Av",225
"Sat",224
"him",224
"maz",223
"i L",223
"dom",223
"Efr",223
"no-",223
", M",223
"kot",222
" [H",222
" or",221
". 1",221
"zy]",220
"va,",219
"o M",219
"Sy ",218
"ime",218
"ern",218
"vay",217
"Ila",217
"a E",216
" Ry",216
" Ke",216
"kom",215
"hob",215
"riz",214
"fiv",214
"ro-",213
"tse",213
"; H",212
"gal",212
"ape",211
"afe",211
"ao:",211
"mol",211
"dis",211
"ta-",210
"zit",209
"kaf",209
"lek",209
"'os",209
"Sim",209
"iov",208
"ait",207
"sez",207
"e s",206
"ref",205
"-di",204
" er",204
"o S",204
"eda",203
"-mi",203
"o ô",203
"lio",203
"eo:",202
"zy?",202
"efo",202
"drà",202
"rim",201
"o-m",200
"dat",200
"rna",200
"def",200
"Zio",200
"Mar",199
"kib",199
" Ir",198
"Hat",198
"len",198
"; E",198
"a-n",197
"meo",197
" Il",197
"ia;",197
"jav",197
"[ N",197
"y O",196
"pa ",196
"foh",196
"no.",195
"fas",195
"Mis",194
"ry;",194
"ma;",194
"dai",194
"Reh",194
"moe",194
"ipi",194
" Ge",193
"ede",193
"roi",193
"oia",193
"ner",192
"bak",191
"hag",191
": a",191
"ko:",190
"keo",190
"mip",190
"vov",189
"sy;",189
"o H",189
"azi",189
"i-h",189
"mie",188
"zal",187
"par",187
"; I",187
"po,",187
"Mba",187
"Ino",186
"sil",186
"mos",186
" ja",186
"Pet",186
"e h",185
"'om",185
"Ahi",185
"Mia",184
"ote",184
"ga,",183
"pod",183
"ril",183
"voh",181
": F",181
"ly:",181
"Jon",181
"bim",180
"Asa",180
"po.",180
"iat",178
"nty",177
": S",177
"i T",177
"Ara",177
"Hez",177
"e t",176
"kol",176
". F",176
"mez",176
"y (",176
"oga",175
"sek",175
"; T",175
"fof",174
"rio",174
"Dan",174
"ipa",174
"se ",174
"a! ",174
"Gil",173
", S",173
"ro;",172
"gor",172
"vir",172
"Laz",171
" li",171
"be,",170
"dav",170
"zek",170
"ha.",169
"-va",169
"ipo",169
"i R",169
" Mb",169
": t",169
", K",169
"Syr",169
"Rai",169
"o-d",168
"Sab",168
"nge",168
"pat",167
"di-",167
" Ro",167
"i O",167
"pos",166
"Asy",165
"i-f",165
" Ed",164
"jik",164
"io,",164
"jal",164
"syr",163
": h",163
"rih",163
"for",162
"ra?",162
"ask",162
" os",162
"ka]",162
"jir",162
"Neb",162
"Mih",161
"Hoy",161
"dek",160
": m",159
"Tan",159
"fad",159
"fo,",158
"oad",158
"a D",158
"ra:",157
"Mam",157
": J",157
"r'o",157
"Mid",156
"ìna",156
"ko?",156
"zot",156
" Lo",155
"e k",155
"h k",154
"to.",154
"ese",154
"ngà",154
"oik",154
" Ad",153
"rez",153
"foy",153
"ofe",152
"aid",152
"a-h",152
"Toy",152
"iji",151
"la]",150
"ma]",150
"bsa",150
"ohe",150
"siv",149
"àny",149
"Ama",149
"aot",149
"po:",149
"ead",149
"Sad",149
"sy:",149
"Ray",149
"kis",148
"fov",148
"a K",148
"Noh",148
" Te",148
"ho:",148
"ba.",148
"à a",148
"Mik",148
"ago",147
" Ki",147
"iaf",147
"jon",147
" de",147
"pil",146
" Ti",146
"Kal",146
"ipì",146
"pìk",146
"ìka",146
"ser",146
"Jao",146
"ike",145
"pti",145
"Tsi",145
"lo.",145
"obe",145
". N",145
"la;",143
"e m",143
"ka:",143
"dad",141
"o K",141
". H",141
"zia",141
"oa:",140
"gam",140
"ebr",140
"-ko",140
"dov",140
"sih",140
", N",140
"y.A",139
", F",139
"hez",138
"dea",138
"ny)",138
" At",138
"à n",138
". 2",138
"vy;",137
"bal",137
": f",137
"ket",136
"omi",136
"mav",136
"a Z",136
"ngy",136
"Mat",136
"kah",135
"eve",135
". M",135
"-ni",134
"kil",134
"ndà",134
"h e",134
". K",134
"noy",134
"e f",134
"[Fa",134
"tas",134
", H",133
"mio",133
"za;",132
"rod",132
"sa-",132
"gy ",132
"o-b",132
"? T",132
"lad",131
" Ni",131
"iod",131
"ny!",131
"'in",131
"ha-",130
"ove",130
"ao-",130
"hem",130
"hij",130
"gàn",130
"a N",129
"lil",129
"abi",129
"Tsa",129
"? D",128
"-be",128
"asì",128
"sìn",128
". m",128
"mim",128
"Ata",128
"Edo",128
"h m",128
"a P",127
"o (",127
", E",127
"? F",126
"ebe",126
". n",126
"y ô",126
"gov",126
"Abs",126
"Joi",126
"aoz",125
"by,",125
"dot",125
"fi-",125
"sto",125
"Nan",124
"aom",124
"h s",124
"dà ",124
"kay",124
"zor",124
"h d",124
". S",124
": L",123
"pij",123
"ien",123
"faf",123
"ink",122
"a B",122
"dy.",122
"ki-",122
"Bar",122
"ost",122
"o-t",121
"noz",121
"Esa",121
"som",121
"boi",120
"), ",120
"o! ",120
"seo",120
"rek",119
"ado",119
"a-j",119
"ofy",119
"to;",119
"'ai",118
"bi-",118
"a.A",118
"ka?",118
"Amp",118
"oty",118
"-hi",117
"ràn",117
"e J",117
"vo,",117
"ia]",117
"dne",117
"naz",116
"jit",116
" Va",116
"soi",116
"gav",116
"beb",116
"bo-",115
"Avy",115
"ziv",115
" Li",115
"dam",114
"efy",114
"to-",114
"Gal",114
"efe",114
"tis",114
"ao]",113
"bed",113
"kad",113
"dok",113
"imp",113
"ha;",112
"ty;",112
"opa",112
"doa",112
"nez",112
"kak",111
"k'A",111
"fet",111
"oao",111
"Job",111
"lo;",111
"Zeb",111
"rab",111
"iah",111
"en-",110
"aze",110
"Gib",110
"Tah",109
" Al",109
"Mak",109
"ea ",109
"neh",109
". h",109
"o B",108
"set",108
"ole",108
"na!",108
"Apo",108
"va.",107
"Nam",107
"doz",107
"e; ",107
"bit",107
"ean",107
"kok",107
"sio",107
"rde",107
"Nat",107
"; K",107
" Ap",106
"Lib",106
". a",105
"va?",105
"meh",105
"omy",105
"-fa",105
"? N",104
"Sar",104
"dem",104
"[Fi",104
"Pas",104
"da;",103
"ald",103
"vik",103
"Hit",103
"voz",103
"emy",103
"Gad",103
"'al",103
"daf",103
"y g",103
" Ak",102
"ior",102
"Ber",102
"be.",102
" Oz",101
"ska",101
"bai",101
"y p",101
" Vo",101
"n']",101
" vy",100
"-dR",100
"? M",100
"mpe",100
"zam",100
"ers",100
"adn",100
"e v",99
"ivy",99
"-fi",99
"ail",99
"Anj",99
"zov",99
"ay?",99
" ga",99
"edo",98
"fer",98
"Har",98
" Go",98
"ba;",98
"lde",98
"àn'",98
"gid",98
" It",97
"y),",97
"a R",97
"Zer",97
"Her",97
"idr",97
"? [",97
"no;",96
"poi",96
"kod",96
"ror",96
". T",96
" = ",96
" Pi",95
"fes",95
"ta]",95
"bro",95
"Bas",95
"leo",95
