"ie ",29635
"nie",26967
" i ",26524
"ego",21635
"rze",20407
" ni",20357
" na",19312
"dzi",18968
" pr",18270
" po",17259
" je",16931
", a",16599
"prz",16372
", i",16254
"wie",15141
"zie",14957
" do",13576
"ię ",13192
"rzy",13167
" si",12979
"na ",12656
" a ",12511
"się",12291
"go ",11587
"ch ",11485
"owi",11343
"szy",11270
"cie",11000
" kt",10904
"tór",10801
" mi",10661
" w ",10614
"li ",10421
"któ",10241
"em ",10173
"o, ",9928
", k",9672
" z ",9328
"wsz",9322
"zy ",9091
"a, ",9013
"iem",8975
"czy",8896
"ich",8755
"e, ",8723
"do ",8615
"zys",8390
" za",8142
"i, ",8003
" Pa",8003
"ści",7816
" ws",7662
"ał ",7578
"go,",7560
" te",7527
" by",7514
"kie",7312
"sta",7225
"mie",7077
" wi",6906
"będ",6800
" bę",6791
"dy ",6701
" od",6585
" wy",6569
"est",6529
"ych",6514
"sze",6468
"yst",6453
"eni",6327
"Pan",6293
"ędz",6016
"i w",6007
"i s",5952
" sw",5926
"ani",5910
"asz",5868
"jes",5842
"jeg",5715
"ski",5707
"by ",5686
"i p",5665
"ko ",5662
" tw",5605
" mo",5604
"iec",5597
"awi",5564
"y, ",5422
" mó",5378
"esz",5345
"e w",5339
"e s",5233
"m, ",5210
"to ",5193
" ja",5153
" rz",5152
"y s",5083
"mi ",5073
"owa",5009
"ied",4998
"a w",4997
" kr",4957
" st",4948
"ił ",4937
"zed",4919
" cz",4879
"nia",4875
" sy",4833
"ej ",4799
"a p",4779
"emi",4724
"a n",4706
"two",4692
"ie,",4689
"był",4682
"woj",4672
"ies",4657
"syn",4639
"mów",4638
"e p",4610
" wa",4604
"zek",4598
"zec",4580
"oje",4565
"ecz",4544
"ier",4512
"ch,",4471
"ali",4464
"ów ",4464
"o n",4460
"że ",4446
"st ",4424
"a s",4406
"h, ",4395
"stk",4387
"ako",4378
"ami",4366
"ówi",4352
"zyn",4339
"e m",4272
"le ",4263
"iel",4260
" sł",4245
"yni",4214
"o w",4202
"mię",4187
" ro",4173
"ni ",4163
" ob",4157
" ta",4150
"i n",4148
" on",4147
"ale",4122
"ę, ",4060
" ci",4047
"ia ",3987
"o s",3942
"odz",3927
"ci ",3921
"iej",3914
"óry",3907
"bie",3893
" to",3821
"aby",3820
"mu ",3797
"i z",3779
"ról",3779
"ach",3770
"iał",3766
"kró",3756
"za ",3662
"e b",3654
"tki",3643
"pra",3642
"ry ",3631
" ab",3630
"jak",3626
"eci",3608
"am ",3606
" ic",3594
"óre",3593
"a t",3586
"ieg",3584
"raw",3560
"ien",3559
"u, ",3548
"ekł",3533
"e z",3502
", p",3475
"e n",3457
"ył ",3443
"od ",3437
"weg",3436
"ośc",3431
"wia",3413
"ła ",3395
" go",3366
"o p",3366
"dni",3365
" sp",3365
"y w",3328
"cze",3328
"sz ",3321
" zi",3295
"ze ",3289
"ili",3279
" al",3278
"cho",3259
"ech",3258
"a o",3257
"ło ",3226
"je ",3207
"sza",3192
"i o",3189
"i d",3177
"a m",3155
" uc",3132
" gd",3132
"edy",3130
"o m",3122
" ka",3118
" Iz",3118
"now",3105
" ty",3092
"y p",3087
"edł",3071
", s",3065
"; a",3064
"ysz",3055
"łow",3054
"j, ",3053
"wi ",3052
"roz",3049
"i m",3021
"edz",3007
"nic",2993
"ł, ",2982
"pow",2974
"wał",2973
" że",2969
" Je",2967
" ch",2931
"mia",2927
" Bo",2894
"ają",2887
"trz",2882
"tak",2856
"a z",2852
"dom",2851
"ucz",2849
"cy ",2843
"was",2841
"gdy",2837
"ą, ",2826
"emu",2820
"ast",2814
", n",2807
"y n",2796
"ael",2792
"ny ",2787
"sie",2776
"ana",2771
", m",2761
" lu",2760
"usz",2759
"o z",2754
"e d",2751
"e j",2746
"słu",2735
" we",2726
"zra",2726
"one",2725
"a j",2714
"e o",2712
"bra",2711
"lud",2705
"an ",2700
"nas",2684
" sz",2679
"go.",2672
" dz",2663
"órz",2658
", w",2639
"Izr",2637
", c",2636
"rae",2635
"ym ",2634
"ki ",2627
"swo",2624
", ż",2618
" pi",2612
" bo",2601
"rod",2598
"y m",2593
"cha",2589
"o d",2581
"pod",2565
"wię",2558
"ost",2527
"ak ",2510
"im ",2507
"iek",2494
"i t",2471
" ma",2469
"świ",2468
"a d",2467
"wią",2430
"pie",2425
"iąc",2421
"ść ",2404
" dr",2396
"ony",2396
", o",2394
"tem",2390
"moj",2387
"em,",2363
"jej",2359
"iew",2358
"swe",2349
" da",2343
"teg",2336
"om ",2334
"obi",2322
"jąc",2318
"pos",2309
" co",2303
"adz",2302
"i j",2295
"ku ",2294
"y j",2290
"wa ",2277
"z n",2268
"e t",2252
" im",2250
", t",2247
"wid",2245
" wo",2232
"y z",2223
"ać ",2221
"kł ",2211
"zcz",2205
"n, ",2205
"ąc ",2205
"ę w",2195
"zem",2195
", j",2194
"y b",2188
"la ",2185
"lbo",2185
"m w",2183
"ocz",2182
"szc",2170
"ne ",2169
"ług",2165
"zia",2155
"obr",2153
"ńsk",2141
" są",2134
"yli",2131
"ta ",2128
"cza",2126
"nad",2117
"my ",2117
"e i",2116
"oni",2116
"bo ",2109
"i b",2107
"erz",2088
"udz",2074
"uch",2059
"ię,",2059
"oko",2058
"ej,",2058
"neg",2057
" pa",2053
"kic",2052
" mu",2045
"zło",2044
"str",2044
"zen",2040
"ało",2033
"owe",2031
"o o",2019
"zna",2015
"ed ",2015
"ły ",2008
"ciw",2005
"a i",1990
"hod",1986
"ias",1985
" tr",1982
" us",1976
"on ",1975
"aro",1970
"ek ",1966
"eż ",1960
"o t",1946
"bow",1944
"aż ",1943
"stw",1935
"aza",1918
"zał",1917
"re ",1913
"jed",1912
"ce ",1912
" św",1907
"mi,",1906
"ość",1903
"ją ",1902
"eli",1901
"co ",1899
"aci",1899
"dli",1893
"pro",1891
"sto",1891
"dow",1889
"ę z",1882
"sią",1880
"wyc",1878
"y o",1868
"ad ",1866
"spr",1865
"dł ",1864
"m s",1858
"zyc",1855
"zka",1854
"cia",1852
"o b",1849
"a k",1844
"nim",1842
"liw",1840
"y t",1839
"ie.",1834
"woi",1833
"ę s",1831
"rac",1826
" ko",1818
"ona",1808
"ł d",1805
"ste",1802
"zyj",1802
"imi",1800
"m p",1800
"o j",1800
"iar",1796
" dn",1794
"jas",1790
"ę p",1788
"ca ",1784
"a b",1777
"ańs",1772
"els",1772
" Ja",1771
", g",1766
"i k",1762
"oga",1760
"ędą",1757
"ka ",1753
"ę n",1748
" br",1745
"i i",1745
"ł s",1742
"zyk",1742
"iad",1738
"wan",1729
"z, ",1722
"zas",1718
", z",1714
"ł w",1713
"ty ",1706
"o k",1703
"ził",1701
"tał",1694
"łem",1688
"edn",1687
"ion",1685
"zal",1680
"nił",1675
"ejs",1671
"osł",1671
"tan",1668
"Prz",1667
"ara",1663
"pok",1662
" o ",1662
"ch.",1659
"wił",1658
"yno",1656
"zet",1655
"o c",1654
"jci",1651
"czn",1651
"ano",1651
"ieb",1646
"zez",1646
"li,",1639
"ez ",1638
"Pań",1629
"nów",1625
"owy",1620
"mni",1611
"sła",1609
"yja",1601
"ięc",1599
"ada",1597
"oic",1593
" gr",1587
" zł",1586
"elk",1578
"ieś",1577
"u s",1571
"lic",1570
"Ted",1570
"e c",1567
"ć b",1566
"as ",1566
"dob",1563
"i r",1563
"Bog",1559
"y i",1559
"iż ",1553
" Sa",1551
" mn",1550
", b",1549
"sło",1549
"eto",1545
"eśc",1544
"cię",1543
"m n",1530
"oż ",1526
"i c",1519
"y d",1519
"też",1517
"taw",1517
"ane",1516
"ała",1515
"w, ",1513
"ł p",1507
"z s",1506
" Da",1501
"Nie",1496
"arz",1491
"row",1490
" rę",1485
"zym",1483
"naj",1476
"źli",1476
"lsk",1476
"kaz",1474
"wal",1474
"o i",1471
"en ",1470
"ywa",1467
"esi",1465
"wam",1463
"dzy",1462
"zeg",1461
"nam",1457
"pła",1456
"na,",1454
" gł",1450
"eźl",1448
"a c",1444
"nyc",1444
" dw",1443
"osz",1440
"Bóg",1433
" aż",1432
"óg ",1428
"każ",1428
"ele",1428
" mę",1425
"woś",1425
"e u",1422
"ust",1419
"ów,",1414
"oże",1413
"ł z",1413
" Bó",1406
"cią",1405
"omu",1405
"anu",1402
"oro",1402
"ebi",1399
"lem",1399
"icz",1397
"ran",1392
"tob",1391
"z p",1390
"w n",1388
"fia",1386
"ted",1384
"noś",1383
"e; ",1380
"idz",1377
"ofi",1377
"yna",1375
"dro",1373
"ić ",1369
" of",1368
"wo ",1367
"po ",1367
"wys",1367
"zył",1365
"twa",1363
" zn",1361
"twe",1361
"w p",1360
"dą ",1356
"byś",1356
"m j",1355
"ojc",1355
"ono",1353
"ter",1352
" oj",1352
"ąc:",1349
"e k",1348
"era",1348
"męż",1347
"cz ",1346
"zon",1343
"i u",1342
" ku",1342
"są ",1335
" sk",1333
"dał",1331
"orz",1329
"rdz",1324
" Jo",1323
" iż",1322
"Ale",1320
" wz",1319
"dłu",1315
"alb",1315
"a g",1313
"tra",1312
"róc",1305
"odp",1304
"no ",1302
"ł n",1294
"oży",1293
"tar",1293
", d",1292
" oc",1292
"szk",1291
"; b",1290
"dze",1290
" Ch",1289
" ba",1288
" ze",1286
"nej",1285
"ał,",1283
"ę t",1281
"zyw",1280
"w s",1278
"sob",1276
"wem",1270
"ron",1269
"Boż",1268
"ewi",1268
"nio",1267
"ę o",1264
"sz,",1263
"ug ",1262
"mił",1261
" zg",1261
"z w",1257
"rza",1255
"kim",1253
"je,",1252
"nem",1249
"ynó",1249
"an,",1247
"sty",1246
"zes",1246
"ja ",1246
"erc",1242
"ażd",1241
"ą w",1238
"t, ",1238
"ż d",1233
"Jer",1233
" ży",1230
"oto",1229
"lki",1227
"ra ",1220
" se",1219
"ą s",1218
"gni",1218
"reg",1217
"łan",1217
" an",1214
"wy ",1210
"ł m",1202
"low",1202
"ewa",1199
"ł P",1198
"go;",1197
"osi",1196
"ę d",1194
"ięd",1193
"ija",1192
"ymi",1189
"raz",1184
" um",1179
"dla",1168
"scy",1167
"ary",1167
"cił",1165
"o; ",1163
"yło",1162
"tam",1161
"wko",1160
"ią ",1157
"bli",1157
"dzą",1157
"nik",1157
" sa",1156
"niu",1153
"abi",1153
"zni",1152
"w d",1150
"toż",1150
"iu ",1147
"iwk",1147
"h s",1146
"edl",1145
"oję",1144
"byl",1144
"nar",1142
"ący",1141
"ga ",1140
"; i",1138
"łoż",1138
"ogi",1138
"gło",1136
"d n",1135
"jże",1134
" dl",1133
"ięt",1129
"eś ",1129
"grz",1129
"Daw",1129
" so",1127
" Mo",1125
" du",1124
"kol",1122
"y c",1121
"a r",1120
"m i",1120
"aws",1119
"oma",1117
"h w",1116
"dpo",1115
" os",1115
"mu,",1114
"ę m",1113
"acz",1108
"m m",1107
"I r",1106
"i P",1106
"ł: ",1104
"z t",1102
"iło",1099
"im,",1091
"m z",1088
"gie",1087
"wi,",1086
"ałe",1084
"apł",1084
"ten",1082
"kże",1080
"h p",1079
"akż",1079
"poś",1078
"iep",1078
"pom",1076
"Jez",1076
"ęce",1073
"ela",1072
"poc",1071
"rok",1069
"gro",1068
"oło",1067
"ska",1067
"ate",1066
" zb",1064
"m t",1061
"awa",1059
"moc",1058
"pus",1056
"wed",1055
"ser",1053
", B",1052
" ok",1051
"oli",1051
"ć, ",1050
"h n",1046
"i; ",1045
"ć s",1042
"wst",1040
"dę ",1040
"yn ",1037
"m d",1034
"zaw",1034
" ra",1034
"ień",1033
"ują",1033
"łos",1031
"ł o",1029
"oby",1028
"m o",1026
"żyw",1025
"ata",1022
"ków",1022
"e r",1018
"c: ",1018
"wój",1015
"ede",1015
"śmy",1015
"y k",1014
"ął ",1012
"kto",1012
"ma ",1012
"ezu",1011
"tow",1005
"z d",1002
" Sy",1002
"aj ",1002
"ote",1001
" op",1000
"wej",999
"z o",998
"odn",998
"ysi",997
"zus",997
"szo",996
"zę ",995
"ręk",995
"ros",995
"pan",994
"i g",992
"lat",986
"d o",985
"eru",983
"zak",982
"pot",980
"isz",980
"óle",978
"kę ",976
" ot",973
"yła",972
"óci",972
"mar",971
"ł t",967
"zli",967
"dzo",966
"jeź",965
" Ba",964
"tyc",963
"we ",962
"a u",961
" og",961
"ł i",960
"o u",959
"cy,",958
" Ju",958
"żes",958
"kap",957
"stą",956
"uci",956
"ław",955
"ą p",954
"obo",954
"iwo",952
"ną ",952
"pal",949
"odo",947
"any",946
"u w",944
"uje",944
"kon",944
"m b",941
"żon",941
"A t",941
"ały",941
"obl",938
"czł",937
"oła",937
"Jud",933
"ci,",932
"sam",930
"ój ",930
"zel",929
"nym",926
"dem",925
"d w",923
"ogo",922
"o J",921
"u n",917
"wró",917
"ie;",916
"ia,",914
"iąt",912
"u p",912
"w o",911
"ki,",910
"spo",909
"ram",909
"j n",907
"y r",906
"y g",905
"epr",904
"rog",904
"a; ",902
"zan",902
"ole",901
"w z",901
" no",900
"ywi",900
"to,",900
"a P",900
"nij",900
"sły",899
"łuc",899
"kła",898
": P",898
"omo",897
"ząc",897
"meg",896
"szl",896
"j s",893
"oja",892
"stu",892
"k, ",888
"tko",886
"e g",885
"te ",883
"z m",882
" la",881
"y u",879
"ajc",878
"da ",878
"stę",878
"ama",878
"yka",878
"jem",878
"Moj",877
" Ma",875
"gi ",874
"len",874
"jdz",872
"ojż",872
"ą n",871
"ard",870
"wać",869
"zac",869
"ryj",868
"kł:",867
"rem",867
", r",866
"ję ",866
"chw",864
"Alb",863
"ące",862
"awo",861
"ól ",861
"rom",861
"zow",860
"em.",859
"o r",859
"uza",857
"daj",855
"dne",854
"yci",850
"por",850
"wod",847
"A g",846
"ej.",846
"bar",844
"ruz",844
"drz",843
"yć ",842
"i: ",842
"ist",840
" Ab",840
"api",840
"eki",838
"mój",838
"icy",838
"tęp",837
"mi.",836
"war",835
"kam",835
"łys",835
"erw",832
"ugi",832
"brz",832
"łod",832
"zap",831
"tąp",830
"mow",829
"m c",828
"dwa",826
"u m",826
"owo",825
"z z",825
"ryc",825
"zaj",824
"gór",824
"woł",823
"iąg",823
" Ni",822
": N",818
"mor",817
"óla",817
" ks",815
" mą",814
"zki",812
"zgr",812
"tro",810
"zą ",808
"bym",808
"ym,",807
"za,",807
"zy,",806
"iła",801
"ież",800
"Jak",799
"yś ",798
"udu",798
"łoś",795
"d s",795
"ę j",794
"nu ",793
"Tak",792
"ala",792
"ć n",789
"o g",788
"ud ",788
"w t",787
"jsk",784
"tek",783
"rob",782
"waj",781
"szę",780
"rad",779
"zej",777
"ięć",775
" me",774
"I p",773
"moi",772
"poł",771
"s, ",770
"ż s",770
"oda",769
"adł",768
"łsz",768
"yśc",767
"ksi",767
"tym",764
"ysc",764
"ni,",763
"nap",762
"ż n",762
"ę i",759
"jsc",757
"ił,",757
"ozk",756
"żdy",754
"Bo ",754
"iat",753
"ój,",753
"win",752
" zw",751
"u t",751
"sąd",751
"w m",750
"az ",749
"óra",748
", u",748
"ż t",748
"rzu",747
" le",747
"och",745
"mio",745
"gip",745
"ch;",744
"u z",744
"czę",744
" Eg",744
"pię",743
"wio",742
"du ",742
"koś",742
"ł J",742
"ywo",741
"zab",739
"zwi",737
"ólo",737
"ą z",735
"li.",734
"umi",734
"ł j",733
"oć ",733
"ąpi",733
"Egi",733
"bud",732
"nac",732
" gó",732
"zi ",731
"ł k",731
"oim",729
"e! ",729
"t w",728
" bi",728
"zat",728
"żył",727
"obą",726
"k m",726
"ny,",725
"j z",723
"ę b",720
"ody",719
"pad",719
"asi",718
"zar",716
"h z",716
"i J",716
"nią",715
"czo",715
"atr",715
"nal",714
"twó",714
"uka",714
"alo",714
"dam",712
"z k",711
"a J",711
"ć m",710
"w k",709
"wzi",709
" up",709
"ze,",708
"wym",705
" có",702
"ode",702
"zew",699
"dan",699
"óż ",697
" wr",697
"m; ",696
"ozn",694
"łał",694
"d, ",693
"eć ",693
"a: ",692
"ż w",690
"ror",689
"Któ",688
"arł",688
"h b",687
"dus",687
"krz",687
"eka",686
"inn",686
"n d",682
"jrz",681
"ożn",681
"u d",680
"byw",680
"eść",679
"wad",679
"ctw",677
"kow",677
"A o",677
"w w",677
"iąż",676
"yby",673
"ota",673
"ą d",672
"ebr",671
"zos",671
"ina",670
"o P",669
"w r",669
" Na",667
"Iza",665
"ł g",664
" ją",663
"dru",663
"n z",661
"; p",660
"ą m",659
"w i",658
" Be",658
"pob",658
"chy",657
"Oto",656
"tu ",656
"ora",655
"pol",654
"d t",654
" zo",654
"lew",653
"ekl",652
"udo",651
"m r",650
"ż p",650
"erd",650
"Ja ",649
"Syn",648
"mad",648
"rą ",646
" I ",645
"śmi",645
"bog",645
"zci",645
"pis",645
"wor",644
"ka,",644
"dzk",644
"peł",642
"yły",642
"jca",642
"baw",641
"czą",640
"eby",640
"kar",639
"naw",638
" ow",637
"puś",637
"den",637
"emn",636
"rys",636
"dza",635
": O",635
" Se",634
"o B",634
"ici",633
"wni",633
"żeb",632
"zyd",632
"jcz",632
"jac",631
"kał",629
"lec",629
"ełn",628
"bło",628
"zią",628
"c, ",627
" żo",627
"usa",627
"haj",627
"zwa",626
"żem",626
" pó",625
"ozu",625
"odk",624
"órą",624
"j p",623
"tus",623
"h m",623
"hwa",623
"iby",622
"mon",621
"ą o",620
"tni",620
"nę ",619
"ędę",619
"oka",617
"d p",616
"h d",615
"rug",615
"ją,",615
"łuż",615
" u ",615
"zer",614
"u o",613
"maj",613
"j w",612
"dal",610
"żeś",608
" pu",608
" pł",606
"lib",604
"śni",604
"h i",603
"hry",603
"ągn",602
"lis",602
" Ga",602
"rę ",601
"y; ",599
"ć w",597
"Chr",597
"oba",595
"ocy",594
"gos",594
"ta,",593
"amy",592
"kry",592
"oku",592
"ade",591
"aki",590
"y P",589
"tys",589
"ię.",588
"nął",588
"l, ",588
"o: ",587
"wil",586
"uśc",585
"cej",584
"at ",584
"ie!",584
"złe",582
"aba",581
"mas",579
"ec ",578
"ądz",577
"pił",577
"ęci",576
"czt",576
"ows",576
"daw",575
"bro",575
"ką ",574
"órk",574
"iws",574
"zyl",574
"rzą",572
" Am",572
"wes",571
"lwi",571
"szł",570
"nię",569
"usł",569
" El",569
"am,",568
"ne,",567
"wic",567
" He",566
"wol",566
"noc",565
"I s",565
"skr",565
"zic",565
"r, ",563
"ręc",563
"st,",563
"łot",562
"m: ",562
"u j",561
"szu",561
"n j",561
"che",560
"łog",560
"atk",560
" in",559
"cór",559
"a B",557
"zne",554
"rat",554
"i A",553
"tej",553
"chc",553
"ła,",552
"ońc",551
"ę c",550
"yma",550
"how",550
"emy",550
"wyw",549
"okr",547
"poz",547
"dłs",547
"iód",546
"ć j",546
"bil",546
"ioł",546
"niż",545
"h o",545
"dź ",545
"ę; ",544
"j m",544
": W",543
"chl",543
"ęta",542
"ian",542
"dy,",541
"u i",541
"rz ",541
"upi",541
"zil",540
"kli",540
"aje",539
"awd",539
"dku",538
"je.",538
"ąd ",538
"ję,",538
"zeb",537
"ód ",536
"ężo",536
"ios",535
"t p",535
"kom",535
"łup",535
"i l",534
"zte",534
"isa",534
" A ",533
"cał",531
"lon",531
"ę k",531
"w J",531
"h; ",530
"ż m",530
"oją",530
" ża",530
"e P",530
"łud",530
"man",530
"nil",529
"ero",529
"a ś",527
"ć p",527
"m u",526
"wyż",526
"d m",526
"ą; ",525
"eń ",525
"jsz",525
"kaj",525
"uga",523
"rej",521
"opa",521
"nu,",521
"boż",521
"rym",519
"ini",519
"chu",517
" ur",517
": T",516
"ośr",515
"eba",515
"olw",515
"wsk",515
"lił",514
"la,",514
"liś",514
"o l",514
": J",514
"m k",513
"iot",513
"rus",510
"adn",510
"ał.",510
"ęć ",508
"twi",507
"łni",506
"A w",506
"ą i",504
" Fa",504
"lom",504
"ty,",503
"i S",503
"z r",500
"go:",500
"aty",500
" bł",499
"nos",499
"I w",498
"el ",498
"i B",498
"im.",497
"uma",497
"śli",497
"ajm",497
"tal",497
"koł",496
"ese",495
"z c",494
"h t",494
"ośw",493
"ż j",493
"łam",493
"ęli",493
"ica",493
"ejc",493
"wyb",492
"żow",492
"zdr",490
" ło",489
"odl",489
"Pot",488
"roś",488
"leb",487
" id",487
"t n",486
"rzc",486
"zuc",485
"i E",483
"żde",481
"jmi",481
"min",481
"swy",480
"n p",480
"wa,",479
" Ta",479
"I o",479
"les",479
"ów.",477
"sow",477
"arę",476
"omi",475
"ado",474
"nis",474
" Pr",474
"edm",474
"; n",473
"ład",473
" uj",473
"moż",473
"wyr",473
". I",472
"poj",472
"zam",472
"cu ",471
"nan",471
"wyp",470
"sa ",469
"akó",469
"ł; ",468
"nom",467
"zuk",467
"łów",466
"yjd",466
"gra",465
"ę u",465
"roc",464
"mij",464
" my",463
"ę r",462
"sch",462
"ocn",462
"ców",460
"e: ",459
"bij",459
"rce",459
"w I",459
"dda",458
". A",458
"n w",458
"lek",458
"dźc",458
" be",457
"ąt ",457
"wy,",456
"w j",455
"źci",455
"opo",455
"Wsz",454
" zd",454
"h j",453
"sia",453
"sko",452
"yje",450
"yko",450
"poż",449
"łeś",449
"lni",449
"łok",449
"; t",448
"as,",448
"ema",448
"si ",447
"ęty",446
"ć t",446
"hle",446
" ła",446
"t m",446
"a l",445
"iw ",445
"n m",445
"wę ",445
"ch:",445
"Sau",445
"aul",445
"rzo",444
"en,",444
"lko",444
"ews",444
"a ż",443
"mną",443
"ask",443
"ążę",443
"san",443
"ódł",442
"ery",442
": C",442
"cę ",442
" kł",442
"; w",441
"yta",441
"usi",441
"iłe",440
"ć d",439
" wł",438
"u; ",437
"ods",437
"żni",437
"waż",437
"zbu",435
"bił",435
"A p",435
"k p",435
"e J",435
"u P",434
"nne",434
"dów",434
"ogu",434
"n n",433
"tę ",432
" śm",432
"ł A",432
"dos",432
" wn",432
"Far",432
"kób",432
" oł",431
"łta",431
"ześ",430
"lij",430
"duc",429
"nuj",428
"ą j",428
"myś",428
"rał",428
"us ",428
" sr",428
"bio",427
"ną,",427
"oci",427
" gn",426
"iwy",426
"isk",426
"pło",425
"ere",425
"otr",424
"kor",424
"zbo",424
" As",423
" An",423
"bre",422
"elo",422
" Ot",422
" zm",422
"mem",421
"on,",421
"opu",421
" oz",421
"my,",421
"tat",421
"naz",420
"odd",420
" Le",420
"ołt",420
"u: ",419
"a A",419
"Sal",419
"ydz",418
"elu",418
"uro",418
"t s",418
"t z",418
"kal",418
"szą",417
"z j",417
"źni",417
"u b",416
"ł S",416
"uży",416
"być",415
"ż o",415
"pop",415
"ąws",415
"bez",414
"zep",412
"dno",412
"wot",412
"e l",412
"c s",412
"cil",412
"i ż",411
"ceg",411
"ższ",410
"yśl",410
" li",409
"yśm",409
"ic ",409
"m J",409
"sel",409
"Jeź",408
"ham",408
"h k",408
"iac",407
" ca",407
"pog",407
"eńs",406
"ca,",406
"ąc,",405
" Ha",405
"yda",404
"Gdy",404
"ena",404
"lcz",404
"zo ",403
"ójd",403
"upa",403
"o A",402
"naś",402
"yż ",402
"h: ",402
"e I",402
"ść,",400
"nał",400
"ylk",400
"łas",400
"dąc",399
"szn",399
"n: ",398
"t i",398
"nak",397
"ż z",397
"tów",397
"zyb",397
"dar",397
"mat",396
"os ",396
"om,",396
"kup",396
"ysł",396
"ło,",395
"an.",395
"ozd",394
"d k",394
"zny",394
"alc",394
"rwi",392
"ołu",392
"pon",392
"ądr",392
"j; ",391
": I",391
"ękę",391
"k w",390
"ha ",390
"bró",389
"ieć",389
"nau",389
"nió",388
"żad",388
"Joz",388
"Cha",387
"rwa",387
"u c",387
"uż ",387
"reb",387
"we,",386
"z b",386
" Fi",386
"o ż",385
" ut",385
"bał",385
"zię",384
"ern",384
"wyk",384
"ewo",383
"dła",383
"pil",383
"onę",382
"rca",382
"taj",381
"ba ",381
" Pi",381
"o S",380
" uk",380
"wió",379
"iśc",379
"em;",378
"ba,",378
" Za",378
"ijd",378
"ma,",377
"gną",377
"mąż",377
"ubi",377
"onu",377
"m g",377
"oln",376
"ąda",376
"d d",375
" Te",375
"Lew",375
", P",375
"iły",374
"ńst",374
"ujr",374
"Ach",374
"ł B",373
"mi;",373
"cą ",373
"mac",373
"amo",372
"tyl",372
"śro",371
"yba",371
"n o",371
"Sam",371
"ycz",371
" cu",371
"cud",371
"obn",371
"zno",371
"mąd",371
"ć z",370
"su ",370
"; o",370
"wit",370
"ojn",369
"ą t",369
"an:",369
" Ac",369
"kan",369
"ogn",369
"gdz",368
"m P",368
"cow",368
"dyż",367
"laz",367
"con",366
"tka",366
"wą ",366
"żów",366
"ą c",366
"Eli",365
"zum",365
": S",364
"udn",364
"mu.",363
"ł c",363
"łon",363
"rai",363
"a S",363
"ąca",362
"ko,",362
"zyp",362
"ij ",362
"ito",362
"ce,",361
"e B",361
"ę g",361
"ja,",361
"c n",361
"cio",361
"ips",361
"psk",361
"ie:",360
"ej;",360
"jad",360
"yry",359
"ł M",359
"han",359
"u k",359
"aże",358
"yżs",358
"ewn",357
"toś",356
"Ani",356
"e ś",355
"bą ",355
"ew ",355
"aha",355
"oab",355
"ido",355
"ozp",354
"kro",354
"Fil",354
"kac",354
"ężó",354
"odw",353
"ć i",353
"pat",353
"ęcy",353
"Aar",353
"id ",353
"zaś",352
"zić",351
"li:",351
"duj",351
"j o",351
"ars",350
"obu",350
"utr",350
"o M",350
" Aa",350
"pów",350
"mno",349
"ił.",349
"mog",349
"zła",349
"ąż ",348
"czk",348
"ś m",347
"dej",347
"ł b",347
"dra",347
"ś s",346
"ły,",346
"ogl",346
" bl",346
"rap",346
"tec",346
"d z",345
"da,",345
"iwi",345
"tel",345
"gł ",345
"wyn",345
"ojs",344
"łeg",344
"ęża",344
"z g",344
"sił",344
"pas",343
"ć o",343
"żyl",343
"koj",343
"ską",342
"d P",342
"ł r",341
"ł D",341
" pe",340
"t d",340
"gu ",340
"y l",340
"apr",340
"aśc",339
"eó ",339
"ród",339
"ś t",339
"awy",339
"iśm",339
"dzę",338
" ub",338
"z i",337
"ół ",337
"I z",336
"et ",336
"ak,",336
"iął",335
"mu:",335
"ę P",335
"łop",335
"kra",335
"ża ",334
" Ka",334
"asu",334
"ers",334
"ziw",334
"k s",334
"Joa",334
"hu ",333
"are",333
"ozm",332
"wu ",332
"rwo",332
"awe",332
"auc",332
"ilo",332
"ż b",331
"wdz",331
"cyc",331
"ika",331
"n s",331
"elc",331
"mam",331
"nny",331
"iaj",330
"ośl",330
"t o",329
"ą b",329
"cem",329
"lej",329
"źmi",329
"j d",329
"y J",329
"k i",329
