"una",17070
"ra ",11307
"na ",11222
"ara",10391
"chi",9001
"hca",8967
"shc",8925
"man",8837
"hua",8301
" pa",7874
"sha",7866
"a c",7805
" ca",7732
"gun",7222
"a, ",7047
"ana",6786
"uca",6779
"ash",6723
"ach",6572
"ish",6491
"and",6473
"nda",6177
"ca ",6019
" sh",5836
"can",5736
"a r",5570
"aun",5530
"ang",5481
" ma",5379
"nau",5309
"cha",5306
"a a",5285
"lla",5121
"qui",5090
"pai",4995
"ina",4968
"a p",4922
"ama",4852
"nga",4790
"ngu",4733
"nar",4565
"ai ",4499
"ima",4421
"ich",4378
" ri",4244
"i, ",4135
"ari",4092
"chu",3939
"ush",3903
"a m",3896
"hin",3895
"da ",3862
" ni",3857
" ch",3816
"a s",3807
"ta ",3427
"ira",3347
"shi",3342
"ha ",3229
" cu",3172
"as ",3171
" hu",3146
" tu",3096
"ua ",3058
"ucu",2984
"ma ",2950
"ras",2937
"a t",2892
"aig",2825
" ru",2800
"ñuc",2781
"shu",2777
"ica",2727
"auc",2668
"ric",2666
"aca",2640
"ihu",2619
"ca.",2539
" ñu",2512
"igu",2500
"ung",2481
"car",2458
"run",2450
"hu ",2440
"ahu",2436
"gaj",2425
"ami",2417
"tuc",2395
"ui ",2394
" ya",2364
"ali",2329
"cam",2293
"ios",2253
"i c",2245
"icu",2237
", c",2236
"ha,",2211
"yac",2205
"hi ",2202
"Dio",2195
"all",2173
"rin",2169
"ris",2165
"jpi",2134
"cau",2117
" ll",2097
" ra",2091
"imi",2056
"rim",2055
"a h",2053
"jgu",2022
" Di",2019
"nis",2005
"ga ",1962
"sta",1946
"aj ",1942
"ing",1938
" qu",1923
"nzh",1915
"cui",1909
"him",1902
"i t",1900
"mas",1894
"a u",1877
"nch",1842
"nam",1825
"ita",1809
"Jes",1808
"a. ",1806
"gui",1802
" al",1784
"pac",1783
", p",1780
"cai",1756
"a: ",1747
"ca,",1746
"ajp",1743
"a n",1741
"lar",1719
"cun",1695
"his",1692
"a i",1669
"mi ",1649
" as",1642
"aus",1641
"uir",1633
"aqu",1631
"iri",1620
" ti",1613
"anc",1576
"aih",1569
" pu",1567
"ham",1566
"i r",1564
"ait",1562
"a ñ",1540
"aya",1521
"i p",1518
"uic",1499
"tia",1459
"a l",1456
"uch",1436
"cus",1435
"uri",1416
"uas",1407
"sna",1397
"a y",1389
" Je",1388
"asn",1376
"i s",1376
"har",1375
"nal",1364
"ura",1349
"li ",1348
"ill",1342
"pi ",1341
", a",1325
"pa ",1319
"ran",1319
"mi.",1307
"aic",1305
"amu",1295
"aga",1287
"ca:",1281
"mun",1280
"Shi",1277
" an",1271
"i. ",1267
"Pai",1264
"usa",1258
"iun",1248
"nic",1240
"cta",1222
"upa",1207
"ndi",1206
"cas",1192
", s",1170
"i a",1166
" ap",1166
"par",1164
"un ",1163
" ta",1159
"rij",1144
"hur",1141
" ña",1140
"tau",1137
"ora",1127
"act",1120
"to ",1094
"ent",1083
"cac",1082
"uti",1076
"s c",1054
"apa",1050
" im",1046
"spa",1044
"a q",1038
"zha",1033
"esú",1026
"sús",1026
"iya",1019
"hac",1016
"hun",1013
" Ca",1002
"uma",999
" mu",999
"mba",998
"ani",998
" sa",994
"ús ",986
"pas",984
"s, ",978
", n",976
"naj",970
" Pa",969
"pun",968
"gam",967
"uin",961
"uya",952
"ist",923
"ajg",917
"hic",916
"an ",914
". C",913
"nin",910
"nai",908
"nas",906
"aup",902
", m",898
"aj.",898
"mac",886
"tar",883
"nta",881
"air",875
"amb",870
"i i",866
"tan",853
", ñ",852
"Cai",847
"hai",845
"cuc",843
"han",842
"anz",842
"na,",835
"i m",833
"mir",832
"s p",832
"hi,",819
"os ",817
"jta",816
"yan",805
"hu.",803
"j, ",789
"uar",787
"esu",783
" ac",782
"Ñuc",774
"lac",761
"mi,",759
"as,",754
" pi",753
"ijg",747
"sto",742
"Can",741
"eño",738
"has",734
"la ",731
"nah",731
". P",730
"pi,",729
"unz",728
"u, ",727
"llu",725
"ast",716
"ñau",712
"ij ",709
"laq",705
" uy",704
"cue",704
"uen",704
"hij",702
"uañ",701
"añu",700
"mar",698
"a D",697
"iga",689
"uis",681
"Chi",679
"s m",661
"asi",655
" ah",655
"apu",653
"hi.",653
" mi",651
" uc",651
"n, ",651
"ñor",649
"osp",644
"nan",642
"hu,",635
"yas",634
" iy",629
"hui",626
" am",624
"aj,",622
"rai",620
"u c",620
"Señ",620
"ha.",619
"di ",610
"i h",610
"api",602
"sus",601
" aj",595
"i ñ",588
"ipa",585
"huj",584
"ga,",582
" Se",582
"hor",578
"cut",576
"ini",571
"ra,",565
" Ch",565
"paj",564
"pur",560
"aim",555
" ai",552
"zhu",546
" si",542
"ba ",539
"uj ",535
"ni,",535
", t",534
" ic",533
"uil",531
" is",531
"maj",527
": C",523
"ai,",517
"ier",515
" Sh",515
"arm",511
"ii ",505
"j r",504
"dar",504
"lai",502
", D",500
" us",499
"yai",496
"iña",491
"jll",487
"das",487
"pan",483
" Ma",481
"ri ",480
", i",477
"ajt",475
"cur",474
"iqu",472
"ujg",469
". S",468
"uaj",467
"rto",467
"uun",465
"i q",465
"a J",463
"rmi",463
"nag",463
"ert",463
"i y",461
"llc",459
"da,",458
"lca",456
"u a",456
"sir",456
"hih",454
"mus",454
"art",451
"ajl",449
"Cri",447
"yar",447
"Ima",447
"iaj",445
"pis",445
"bas",444
"ost",443
"tam",440
" ho",437
"sma",434
"hir",434
"mai",431
" at",431
"uan",426
"j c",421
"rti",420
"ajm",420
"ata",417
" su",417
", r",416
"Man",416
" Cr",415
"j a",415
"gar",409
"in ",409
"i u",409
"tup",408
"spi",406
", J",402
"yuj",400
"tas",396
"bi ",393
" to",392
"a C",387
"is ",387
"itu",386
"ni.",386
" Ya",385
"n c",380
"ian",378
"s a",377
"s r",375
"tun",375
"jma",373
"pic",372
"miu",372
"lic",370
" ci",370
"un.",368
"luc",366
"un,",365
"tac",363
" Ñu",363
"s s",361
"ull",361
"o p",360
"u p",360
"ust",360
"iju",360
"sac",359
"end",359
"i n",357
"Ast",357
"pin",356
"irv",355
"rvi",355
"gra",353
"tor",353
"uqu",352
"u r",351
"atu",351
"riu",348
". A",348
"shq",347
"hqu",347
"aña",347
"iau",346
"uac",346
"inz",346
"Shu",345
"mic",345
"nti",344
"zhi",344
"i l",343
"ey ",341
"pir",341
"uiu",340
"da.",340
"und",340
" uq",339
"uai",337
"raj",336
"rit",335
"ijp",335
" va",333
"upi",333
"i J",332
"hut",331
"o s",328
"uni",327
", u",327
"nge",326
"gel",326
"asc",325
"men",325
"ics",323
"orm",323
"muc",321
"cie",321
"tip",320
"uiq",318
": ¿",315
"osm",314
"hau",314
", h",313
"tai",313
"san",313
"las",312
"Tuc",312
"dac",311
"u t",310
"gum",310
"uyu",309
"nma",307
"ucs",307
"aba",306
"cal",305
"ais",305
"ti ",304
"Chu",304
"sar",303
" ur",302
"ogu",301
"tir",300
"ai.",299
"a v",299
"i: ",299
"csh",298
"ni ",298
"cat",298
", ¿",297
"sam",297
"csi",297
"dio",296
"u. ",296
"asp",295
"Yay",293
"s t",292
"muj",292
"hay",291
"i D",289
"sca",288
"rme",288
"or ",287
"sal",286
" Sa",285
"ibi",285
"mbi",285
"ui,",285
"cu ",282
"hiy",282
"lo ",282
"val",280
"maq",280
"hag",279
"¿Im",279
" Es",278
"as.",278
"u s",278
"cri",276
"umb",276
"rma",275
"mañ",273
"saj",272
"yaj",272
", S",271
"rdo",271
"shp",270
"rac",270
"ju ",270
"uta",268
"Esp",268
"uhu",268
"Hua",267
"aum",267
"hpi",266
"n a",265
"Mai",265
"ans",265
"iar",264
"erd",264
"upu",264
"ia ",263
"hap",262
", l",262
"cuj",261
"pu ",260
"rus",260
" il",260
"cul",260
"asa",260
"ra.",259
"rar",259
"arc",259
"tin",258
"ind",257
"ant",257
"ma.",257
"lan",256
"sin",256
"sai",254
"pus",253
"gac",253
"ro ",252
"nmi",250
"cia",250
"i? ",249
"Run",249
"ail",248
"s ñ",247
"ga.",247
"nsa",247
"sa ",246
"a S",246
"o c",246
"n. ",246
"rip",246
"j t",246
"ati",244
" Ju",243
"n r",242
"abl",242
"blo",242
"uga",241
"nap",241
"Pab",241
"j. ",238
"a g",238
"dan",237
"udi",236
"ma,",236
" un",234
"lpa",233
"n m",232
"j m",232
" ¿I",232
"llp",231
"rau",231
"u m",230
"ha:",229
"vij",229
"j s",228
"saq",227
"pam",227
"ñai",227
"usp",226
"lir",226
"sas",226
"suc",224
"na.",223
"ya ",223
"ri,",222
"piñ",221
": S",221
"unc",221
"gan",218
"o n",217
"ñus",217
"tii",217
"s n",217
"rca",217
"anm",216
"uim",216
"hus",216
"nto",216
"n p",216
"pag",215
"cah",215
"ña ",214
"tis",214
"ujp",214
"ui.",213
"aib",213
"oun",213
". M",212
" ir",212
"uah",211
"sum",211
"tim",210
"lam",209
"ucr",208
"ote",208
"cay",208
"acu",208
"imu",207
"ace",207
"yal",207
"o a",206
"a; ",206
". Ñ",205
" As",203
"iog",203
"uih",203
"laj",203
"in.",202
", y",201
"dro",201
"tur",200
"güi",199
"ula",198
"yau",198
" in",196
"ngü",196
"lqu",196
"oma",195
"lgu",195
"til",195
"ndu",195
"edr",195
"rda",194
"Ped",194
"a e",191
"mah",191
"uaq",188
" ju",188
"jud",188
"yay",188
"Qui",187
"io ",187
"uiñ",187
"urm",186
"a b",186
" Ru",185
"i; ",185
"llq",184
"i S",183
"cap",183
"ias",182
"muy",182
"ici",182
"lij",181
"ñun",181
" le",181
", C",180
"sii",180
"tal",180
": Ñ",180
"ton",179
"reg",179
"ram",178
"min",178
"ua,",178
"ijt",177
"sti",176
"isa",175
"yur",175
" um",174
"ato",174
"jmi",173
"ley",173
"s u",173
"pit",172
"s i",171
"gai",170
"¿Ma",169
"mam",168
"dot",168
"eli",168
"cer",167
"rre",167
"umi",167
"sau",167
"int",167
"emp",166
" ba",166
"nij",166
" up",166
"ñah",166
"mal",166
"arí",165
"puu",165
"puc",165
"Cie",165
"rum",164
"sup",164
" Is",163
"nci",163
"Jua",163
"ala",162
"? ¿",162
"ta,",162
"oi ",162
"ale",161
": A",160
"jpa",159
"iyu",159
"j p",158
"pi.",158
"sia",158
"isi",158
"haq",157
", q",157
"ond",157
" Tu",156
"a d",156
"ujt",156
"pal",156
"tu ",156
"u i",156
"is,",156
"huc",156
"el ",155
"u h",155
"baj",155
"hal",155
"haj",154
"caj",154
". R",154
"nim",154
". T",153
"Ran",153
"rba",152
"ero",152
"Jer",152
" Pe",152
"cuy",150
"ñas",150
"ñan",150
"tap",149
"ayu",149
"sga",149
"ón ",148
"nll",148
"scu",147
"eru",147
" es",147
"ise",147
" ar",147
"rcu",147
" co",147
"s l",147
"in,",146
"Jud",145
"di,",145
"te ",145
"sic",145
"yap",145
"dic",145
"o r",145
"no ",145
"gu ",144
"gus",144
"aci",143
"pau",142
"inc",142
"lin",142
"ern",142
"say",142
"rab",142
"Yac",142
"ins",142
"s y",141
"mau",140
"aho",140
"uay",140
"gur",140
" Cu",140
"uat",139
" du",139
"o, ",139
"agr",139
"ij,",138
"n s",138
"ns ",138
"cch",137
"aut",137
"cuu",137
"tom",136
"sis",136
"lab",136
"ban",136
" ¿i",135
"iru",135
"y a",134
"mim",134
"Cas",134
" Hu",134
"¿im",134
"les",134
"u ñ",133
"ono",133
"cag",133
"rbi",133
"u u",133
"ni:",133
"ua.",133
"r J",133
"lma",132
"n ñ",132
"íri",132
"n t",132
"j D",132
" en",132
"lio",132
"esp",131
" Am",131
"n: ",131
" yu",131
" te",131
"r, ",131
"yah",131
" re",130
"ard",130
"spí",130
"pír",130
" Si",130
" li",130
"din",130
". J",129
"ijn",129
"ego",129
"lda",128
"may",128
"jni",128
"uct",128
"üi ",127
" Qu",127
"or,",127
": M",126
"jga",126
"ar ",125
" di",125
"San",124
"pig",124
"lim",124
" gr",124
"s h",123
" Ri",123
"Cun",123
"o h",122
"rah",121
"tre",121
"nac",121
"pat",121
"per",121
"don",121
"a? ",121
"van",121
"inm",120
"y s",120
" ¿M",120
"hu?",120
"e a",119
"hil",119
": R",119
"orb",118
"? n",118
"igr",118
", P",118
"ñac",118
"squ",118
"esi",118
"uam",117
"len",117
"bar",117
"tig",117
" la",117
"rug",117
"asq",117
"eva",117
"an,",116
" ev",116
"ius",115
"hig",115
"ta.",115
"gle",115
"hiu",114
"u y",114
"an.",114
" Ci",114
"alm",113
"rey",113
"rir",113
"vin",113
"unm",113
"ila",113
", A",112
"ñar",112
"bau",112
"s D",112
"huy",112
"pih",112
"i C",112
"o E",111
"ujl",111
"arb",110
"mii",110
"aul",110
"a Y",110
"orr",110
"i P",110
" An",109
"hit",109
"uij",109
"iac",108
"Ash",108
"uru",108
"siq",108
"tic",107
"a E",107
"seo",107
"Ama",107
"Ali",107
"n l",106
"tiu",106
" ve",106
"usc",105
"si ",105
"tut",105
"aj?",105
"ca;",105
"ruc",105
" pe",105
"a P",105
"igl",105
"bir",104
" Pi",104
"cio",104
"aro",104
"ueñ",104
"j h",104
". H",103
": P",103
"ui?",103
"ona",103
" ig",103
"yam",102
"hi?",102
"Ric",102
"mig",102
"lat",101
" gu",101
"n D",101
"urc",101
"ois",101
"j i",99
"eog",99
"o J",99
"a A",98
"o m",98
"due",98
"n n",97
"uii",97
"ano",97
"lur",97
"sim",97
"o l",96
"n h",96
"s. ",96
"Moi",96
" Ga",95
"dal",94
"ntr",94
"bra",93
"iti",93
"Cam",93
"ilg",93
"; c",92
"elg",92
"jhu",92
"oll",92
" Al",92
" ga",92
"aha",91
"mpl",91
"gas",91
"lor",91
". D",90
"est",90
"ael",90
"igo",90
"cum",90
"plo",90
"gen",90
"lul",90
"rat",90
"ega",89
"Mar",89
"n y",89
" ge",89
"lta",89
"esa",89
" Ab",88
"ías",88
" Jo",88
"ado",88
". I",88
"Sim",88
" bo",88
"dis",88
"toi",88
"Abr",87
"Isr",87
"sra",87
"mih",87
"alt",87
"ter",87
"u? ",86
"taj",86
"Cus",86
"i v",86
"i A",85
"gri",85
"arp",85
"bor",85
" so",85
"Gal",84
"mis",84
"go ",84
"tem",84
"tol",84
"ont",84
"unt",84
"ea ",83
"rae",83
"sgu",83
"dor",82
"rna",82
" mo",82
"us ",82
" Be",81
"riy",81
" Mo",81
" Ra",80
"ile",80
"llo",80
"ord",80
"ucc",80
"alu",80
"cuh",80
"cis",80
", M",79
"enm",79
"anl",79
" fa",79
"daj",79
"jli",79
"mon",79
"ría",78
"dam",78
"ai?",78
"far",78
"lug",78
"nte",78
"; s",78
"a M",77
"lil",77
"tui",77
"jch",77
" lu",77
"es ",76
"iem",76
"mpo",76
"eo ",76
" Ap",76
"ion",76
"asg",76
"¿Pi",76
", R",75
" na",75
". ¿",75
"rgu",75
"du ",75
"u l",75
"rpu",75
"old",75
"tie",74
"lea",74
"lut",74
"n i",74
"asm",74
"ri?",74
"gou",74
"gau",74
"enc",74
"osg",74
" Da",73
"Car",73
"lay",73
"arr",73
"pij",73
" Ña",73
"usg",73
"ño ",73
"liu",72
"j l",72
"ñam",72
"lis",72
"; p",72
"ctu",72
"mi;",72
"ga:",72
"ell",71
"uau",71
"ben",71
" iñ",71
"Ñau",71
" go",71
"Pit",71
"u q",70
"u D",70
"Her",70
" ¿C",70
"asu",70
"¿Ca",70
"tul",70
"ta:",70
"rih",70
"di.",69
"món",69
"áng",69
"rod",69
"ray",69
"Mas",69
"rif",69
"pul",69
" ¿m",69
"gob",69
"s q",69
" ¿P",69
"vid",68
"irg",68
"Lla",68
"acr",68
" be",68
"is.",68
"j u",68
"és ",68
"bai",68
" Ti",68
"? C",68
" ag",68
"n d",68
"rco",68
"aco",67
"ria",67
"tum",67
"lli",67
"i e",67
"Cut",67
"siu",67
"ifi",67
"fic",67
"¿ma",67
"Cha",67
"oga",66
"lus",66
"ii,",66
"iai",66
"imo",66
" se",66
"irc",66
" Ja",65
"u n",65
" án",65
"in:",65
"s J",65
"pen",65
"ñaj",65
"tsa",65
"rag",65
"aru",65
"Ahu",65
"hu;",65
"tsu",65
"Pil",65
"Dav",64
"avi",64
"Jac",64
"cob",64
"so ",64
"rep",64
"sap",64
"Apu",64
"hon",64
"cor",64
"un?",64
"ra:",64
"dur",64
"nri",64
"aiy",64
"ijm",64
"nya",64
"ode",63
"epe",63
"la,",63
"hah",63
"ohu",63
"i g",63
"huh",63
"n u",63
"isé",63
"sés",63
"rno",63
"guh",63
"sun",63
"tag",63
"ía ",62
"des",62
"na:",62
" Im",62
"sol",62
"ru ",62
"usm",62
"chc",62
"ñui",62
"a j",62
"i b",61
": Y",61
"inr",61
"jum",61
"cir",61
", g",60
"yu ",60
"n? ",60
"ntu",60
"pañ",60
"any",60
"ulo",60
", E",59
"nia",59
"uñu",59
"sll",59
"bur",59
"liv",59
" Ba",58
"imb",58
"imó",58
"noa",58
"o t",58
"ujh",58
"u; ",58
"a R",58
"omb",57
"ten",57
"an:",57
"cho",57
"ven",57
"ror",57
" Ar",56
"oni",56
"ii.",56
" ad",56
"nor",56
"Ña ",56
"n q",56
"mi:",56
". U",56
"j ñ",56
"Jos",55
"zar",55
"urb",55
"ald",55
"atr",55
"ujm",55
" nu",54
" He",54
"ra?",54
"rou",54
"ino",54
"hi;",54
"aso",53
"puñ",53
" me",53
"uj,",53
"hi:",53
"acy",53
"cya",53
"lu ",52
"are",52
"nus",52
"i j",52
"pol",52
"obi",52
"bie",52
"com",52
", Y",52
"pah",52
"omi",52
"sio",52
"rup",51
"ber",51
"mpa",51
"lia",50
"aza",50
"ri.",50
"Rey",50
"Ish",50
" bu",50
"ca?",50
"Isa",49
", I",49
" El",49
"eta",49
"lem",49
"mit",49
": T",49
"lah",49
"co ",49
"Ame",49
"uap",49
"lip",49
"nhu",49
"i M",48
" Re",48
"n; ",48
" vi",48
"; a",48
"omp",48
" Fe",48
" Ta",47
"eam",47
" At",47
"ela",47
"rig",47
"mes",47
": I",47
"tij",47
", b",47
"osh",47
"os,",47
", T",46
"lom",46
"iam",46
": D",46
"ude",46
", e",46
"Bor",46
". Y",46
"Tar",46
" Pu",46
": U",46
"o ñ",46
"con",45
"emb",45
"rra",45
"dir",45
"dui",45
"rga",45
"ism",45
"uda",45
"uib",45
"ac ",44
"pui",44
"asl",44
"ret",44
"ya,",44
"ajc",44
"Uya",44
"rdi",44
"na?",44
"tus",44
"vac",44
"; m",44
"vas",44
", B",43
"csa",43
"l r",43
"dea",43
"nso",43
"era",43
"j n",43
"j J",43
"r p",43
"vel",43
"j y",43
"r n",43
"Sam",43
"Sau",43
" Na",42
"abe",42
"a B",42
"guy",42
"ird",42
"en.",42
"cua",42
"? P",42
" ts",42
"aj;",42
"smu",41
"Fel",41
"ipe",41
"acc",41
"anh",41
"Pas",41
"Eli",40
"pum",40
"umu",40
"j Y",40
"paq",40
" po",40
"bac",40
"bi,",40
"lau",40
"iva",40
" ay",40
"uip",40
" Ce",40
"o y",40
"iuc",40
" ¿p",39
"Sup",39
"a G",39
"Sha",39
"; r",39
"Pi ",39
"y A",39
"Ari",39
"gu,",39
". L",39
"a! ",39
"Aya",39
"Ber",39
", j",39
" Bo",38
"str",38
"ugr",38
"miy",38
"Sac",38
"Pih",38
"ats",38
"ipu",38
"j? ",38
"o i",38
"lo,",38
"Sal",37
"obo",37
"lba",37
"Ang",37
"gu.",37
"s C",37
"án ",37
"mil",37
" Ll",37
"vol",37
"tuh",37
"pe ",37
"r c",37
"Ces",37
"Far",36
"am ",36
"ses",36
"u S",36
" Su",36
"oct",36
"olt",36
"lti",36
"sor",36
"; ñ",36
"ríc",36
"uag",35
"Mac",35
"smi",35
"hug",35
"unl",35
" vo",35
"yuu",35
"dau",35
" cr",35
"uig",35
"Ush",35
"na!",35
"osé",34
"Ata",34
"dim",34
"a f",34
"Sat",34
"aná",34
"gag",34
"tro",34
"ron",34
"ajh",34
"Cay",34
"ha?",34
"liy",34
", v",34
"s v",34
"Uqu",34
"ruz",34
"dij",34
"n C",34
"aní",34
"ong",34
"vis",34
"bil",33
"l p",33
": J",33
"n J",33
"Cap",33
"¿pi",33
"Rim",33
"met",33
"tán",33
"teo",33
" Ah",33
" Uc",33
"n P",33
"au ",33
"nts",33
"j; ",33
"j S",33
"a Q",33
"Ley",33
"Ani",33
"res",32
"i E",32
"elb",32
"Egi",32
"gip",32
"ipt",32
"pto",32
"Atu",32
"guu",32
"ha;",32
"olv",32
"lvo",32
"itá",32
"tay",32
"i d",32
"cru",32
"y c",32
"s Y",32
"ena",32
": ¡",32
"ayo",32
"iur",32
"nab",32
"quí",31
"rel",31
"ema",31
" Eg",31
"Naz",31
"u J",31
"ior",31
"lum",31
"org",31
"s g",31
"eun",31
"? M",31
"cin",31
"noi",31
"j q",31
"sel",31
"rie",31
"tio",31
"nad",30
"abi",30
"tua",30
"ríj",30
"usi",30
"ni;",30
": H",30
"teu",30
"ás ",30
"¡Ay",30
". Q",30
"inl",30
"anu",29
"l c",29
", G",29
"bii",29
"bi.",29
"rla",29
"iro",29
"Tut",29
"? S",29
"Bar",29
"ili",29
"ndo",29
"r t",29
"azu",29
"ñuj",29
"rhu",29
"Uch",29
"rsa",29
"dpa",28
"sé ",28
"oai",28
"ldi",28
"onm",28
"rín",28
"bis",28
"dos",28
" az",28
"ivo",28
"o u",28
"ieg",28
"Tim",28
"ión",28
"ij.",27
"l n",27
"yup",27
"nás",27
"Sir",27
"mia",27
": L",27
"vil",27
"tuu",27
"j v",27
"Cor",27
"s S",27
"Pun",27
"nos",27
"och",27
"j e",27
". E",27
"bal",27
"ced",27
"edo",27
"mot",27
", F",26
"on ",26
"idp",26
"biu",26
"eld",26
"ijc",26
"ai:",26
"tih",26
"ede",26
"bim",26
"sab",26
"po ",26
"s: ",26
"obe",26
"rea",26
"ga;",26
" Co",26
"puj",26
"isp",26
"i Y",26
"luu",26
"pu,",26
"isl",26
"sla",26
"i I",25
"r a",25
"a á",25
"hum",25
"ndr",25
"pou",25
"irí",25
"un;",25
"a L",25
"guc",25
"u b",25
"pim",25
"e n",25
"Puc",25
"dib",25
"rón",25
" Us",25
"urr",25
"Cau",25
"mui",25
"tma",24
"ús,",24
"tah",24
"ugu",24
"aj:",24
"j: ",24
"a I",24
"bam",24
"uiy",24
"señ",24
"yuc",24
"a T",24
"gor",24
"elm",24
"dag",24
"urí",24
"tró",24
"aí ",24
"onv",24
"nvi",24
"vir",24
" he",24
"íca",24
"toh",24
"orn",24
"id ",23
"rom",23
"omo",23
" Ac",23
"iel",23
"o D",23
". B",23
", H",23
" tr",23
"Cac",23
"ísh",23
"rui",23
" Le",23
"rio",23
"dom",23
"Bet",23
" Li",23
"puy",23
"etm",23
" La",23
"coi",23
"; i",23
"urs",23
"ico",23
"eso",23
"fes",23
", N",22
"mom",22
"alo",22
"lon",22
"tog",22
"lén",22
"saí",22
"aía",22
"dai",22
"u v",22
"ren",22
"iis",22
"su ",22
"tra",22
" ¿S",22
"cos",22
"gal",22
"oi,",22
"soc",22
"ích",22
"iuj",22
"rog",22
"üi.",22
"uvi",22
"Tia",22
"o g",22
"arh",22
"mbu",22
"mo ",22
"nui",22
"Efe",22
"uía",21
"ehu",21
"Est",21
"ere",21
"rqu",21
"tos",21
"isc",21
"Upa",21
"a ¿",21
"in?",21
"? A",21
"as;",21
" So",21
"¿Sh",21
"u g",21
"i T",21
"vo ",21
"All",21
"da;",21
"mi?",21
"loi",21
"ni?",21
"ga?",21
"suu",21
" uv",21
"zut",21
"rro",21
"r D",21
"uer",21
"bay",21
"? Ñ",21
"j j",21
"Ant",21
"cab",21
"i B",20
"ilo",20
": E",20
"r ñ",20
"ual",20
"í, ",20
"rís",20
"Llu",20
"eña",20
"pi?",20
"ón,",20
"Yan",20
"n S",20
" Mi",20
"da?",20
"isn",20
"dum",20
"ro,",20
" Ef",20
"s; ",20
"j g",20
" Me",20
"j C",20
"Sil",20
"o e",20
"Gra",20
"tri",19
"bo ",19
"ajs",19
"suj",19
"arg",19
"hcu",19
"Gen",19
" Lu",19
"url",19
"u e",19
"; t",19
"tuj",19
"i F",19
" ¡A",19
"s P",19
"ene",19
"u C",19
"imp",19
" ñi",19
", Ñ",19
"to,",19
"Iya",19
"Par",19
"hip",19
"Asi",19
"ioq",19
"oqu",19
"ito",19
"a F",18
" Ur",18
"i R",18
" Ro",18
"Jor",18
"én ",18
"a H",18
"ína",18
"Lug",18
"liq",18
"olo",18
"poi",18
"Mic",18
"sij",18
"Nin",18
"nih",18
"ñin",18
"alé",18
"fas",18
"piu",18
"; h",18
"al ",18
". G",18
" Ni",18
"iou",18
"Mat",17
"et ",17
"duc",17
": Q",17
"ape",17
" ds",17
"dsa",17
", f",17
"Pis",17
"mos",17
"cup",17
"yum",17
"lag",17
"s I",17
"rta",17
" Ge",17
"j d",17
"go,",17
"ua?",17
" Uy",17
"pil",17
"elo",17
"err",17
"gue",17
"a N",17
"na;",17
"irq",17
"a U",17
"sah",17
"sió",17
"ui;",17
"Ana",17
", L",17
"u A",17
"reo",17
", O",16
"anr",16
"nra",16
"Bau",16
"eai",16
"Tan",16
