"ch ",41656
"en ",40078
" de",37320
" oc",35405
"och",34192
"de ",31159
" ha",28589
"om ",25394
"er ",24847
"ll ",24580
"för",21353
"tt ",20368
"an ",19669
" fö",19254
"ill",19158
"ade",18163
" ti",17955
"ar ",17052
" sk",17011
"til",16899
"all",15984
"som",15797
"han",15469
"et ",14673
" so",14572
"der",14371
" i ",13779
"den",13375
"att",13102
"n s",12653
"na ",12281
"är ",11969
" si",11743
"ska",11327
"det",11162
"ör ",11091
" va",10970
" at",10625
" så",10154
"ra ",10088
"ag ",9933
"ig ",9857
" mi",9836
" me",9744
", s",9711
" di",9687
" vi",9633
"var",9504
"in ",9471
" st",9319
"ick",9268
"nde",9217
"r d",9212
"cke",9096
", o",9029
"ter",8961
"and",8900
"kal",8889
"gen",8802
"n, ",8776
" är",8572
"la ",8550
"ns ",8543
" ja",8217
" ho",8173
"ing",8071
" ko",8021
" en",7998
"ed ",7952
"a s",7915
"jag",7739
" fr",7596
"r s",7571
"nom",7548
"Och",7481
"ke ",7442
"a, ",7409
" på",7348
"a d",7323
"på ",7277
"av ",7220
"r, ",7184
" ic",7175
" av",7155
" al",7119
"e s",7108
"med",7083
"hon",7017
"ta ",6963
"HER",6790
"ERR",6790
"RRE",6790
" sa",6764
"t d",6661
"så ",6595
"t s",6558
"rna",6427
" HE",6409
"REN",6403
"n h",6340
"as ",6210
"har",6145
"dig",6020
"dem",6019
" be",5976
"ver",5969
" bl",5936
"ono",5869
"ett",5788
" du",5753
"ans",5751
"lla",5734
"n f",5726
"ga ",5647
"lle",5628
"h s",5623
"r h",5605
"e h",5556
"va ",5499
"t, ",5488
" he",5486
" in",5421
"sta",5413
"ede",5368
"du ",5362
" ut",5352
"da ",5321
"t h",5295
", d",5285
"r o",5278
"n o",5207
"are",5168
"nne",5139
"n d",5121
"h d",5113
"sin",5103
"ten",5093
": »",5059
"a f",5048
"upp",5034
"nge",5032
"s s",5002
"itt",4981
"där",4884
"e d",4882
" up",4875
"kom",4854
"en,",4846
"t f",4843
"em ",4835
" ed",4802
"lig",4739
"arn",4692
"å s",4669
"on ",4632
"ord",4607
" hu",4605
"n t",4604
"r a",4594
"frå",4565
"ung",4560
"sig",4539
"ara",4526
" dä",4501
"a o",4500
" sä",4478
"t o",4464
"mig",4461
"ina",4457
"ån ",4445
"e, ",4418
"rde",4396
"sad",4380
"sko",4371
"d, ",4351
" om",4343
" vä",4342
"it ",4335
"a h",4320
"ad ",4306
"dra",4301
"man",4258
"ste",4227
"din",4210
"n i",4201
".  ",4194
"rån",4181
"und",4176
"tta",4138
"re ",4123
"els",4119
"nna",4091
"gar",4073
"te ",4046
"öve",4028
" öv",4020
"lan",3957
"Gud",3953
"ren",3947
"fte",3926
"l d",3926
"a m",3921
"a t",3909
"e f",3906
"g, ",3903
"änd",3888
"mma",3865
"min",3832
" Gu",3829
"e t",3817
"h h",3817
"n a",3814
"er,",3770
"had",3767
" I ",3763
"dan",3756
"liv",3749
"omm",3747
"nga",3726
" ma",3706
"r f",3700
"n m",3685
"ck ",3624
"m s",3593
" an",3589
"m h",3576
"vil",3568
"ern",3558
"n v",3524
"r m",3512
"id ",3508
" åt",3504
"t m",3501
" hö",3494
"ka ",3492
" fo",3449
"vid",3446
" ta",3441
"ot ",3435
"des",3428
"ätt",3383
"nin",3381
"t v",3378
"ens",3362
" tr",3353
"g s",3350
"d s",3332
"t a",3321
"jor",3309
"s h",3306
"kon",3299
"kol",3290
" la",3280
"len",3266
" då",3258
"es ",3244
" gi",3223
"nun",3212
"eft",3209
"onu",3199
"t i",3191
"n b",3190
"åt ",3181
" lä",3178
"r e",3164
"då ",3164
"bar",3162
"s, ",3153
"hav",3153
"änn",3153
"r i",3150
"öra",3133
"ger",3125
"bli",3120
" nä",3116
"tte",3099
"a v",3096
" br",3093
"å d",3084
" fa",3077
"nda",3063
"nd ",3058
"m d",3053
"s b",3015
"tad",3012
"Men",3004
"nu ",3001
"ng ",3001
"olk",2999
" se",2956
"inn",2954
"men",2953
"fol",2953
" bo",2942
" må",2941
"h f",2929
" nå",2929
"d d",2914
"ro ",2908
" ba",2897
"rt ",2890
" mo",2873
"en.",2871
"ort",2871
"tan",2855
"m, ",2847
"het",2847
"a b",2838
"at ",2827
" hä",2820
"hel",2815
"ndr",2812
"örs",2800
"år ",2797
"enn",2794
"e o",2781
" Is",2780
", f",2762
"llt",2757
"ock",2755
"ael",2752
"åso",2746
", m",2745
"e m",2742
"iga",2730
" få",2721
"ken",2711
"ler",2703
"era",2691
"ull",2689
"hus",2688
"a a",2676
" et",2668
"sra",2649
"nen",2634
"sås",2623
" li",2619
"a i",2613
"EN ",2609
"t t",2603
"iva",2603
"mot",2603
"nar",2602
"r v",2600
"rae",2598
", t",2582
"män",2581
", h",2575
"ess",2553
"l s",2552
"när",2550
" ef",2538
" än",2535
"ers",2528
"säg",2524
"fra",2523
"str",2516
" nu",2514
"l h",2511
"Isr",2510
" mä",2508
"vad",2502
"pp ",2495
"r t",2490
"son",2468
" gå",2468
"d o",2455
" dr",2455
"lev",2454
"n g",2446
"ågo",2438
"ras",2437
"ram",2436
"ann",2417
" fi",2416
"gör",2407
"någ",2401
"tar",2400
"et,",2398
" sj",2397
"vit",2397
"mme",2388
"sku",2386
"a e",2377
" sl",2376
"t b",2351
"n e",2340
"gon",2337
" da",2335
" Je",2335
"e b",2321
"ång",2319
"ss ",2309
"ava",2299
"giv",2295
"rst",2294
"dag",2290
"lt ",2283
"sam",2281
"e v",2280
" dö",2279
"e i",2274
"se ",2271
" el",2262
"ola",2252
"e: ",2240
"n k",2238
"ma ",2236
"Då ",2222
"ell",2219
" gö",2215
" sv",2210
"ig,",2202
", v",2196
"örd",2196
"kul",2193
"sto",2192
"d h",2191
" un",2191
"i d",2186
"lse",2185
"tal",2178
"å a",2173
"ner",2162
"g h",2156
"r b",2155
"eda",2150
"nas",2147
"s f",2144
" tj",2141
"ärd",2140
"rät",2140
"de:",2137
"st ",2136
"us ",2130
", e",2126
"äge",2122
"aga",2117
"äst",2113
" rä",2111
" or",2102
"hör",2097
"r H",2089
"rad",2087
"ls ",2087
" ka",2084
"nad",2077
"kte",2068
"mit",2066
" lå",2066
" ty",2060
"ket",2059
"ige",2042
"i s",2034
"oss",2010
"stä",2007
"ty ",2005
"m o",1992
"sa ",1982
"lke",1974
"u s",1964
" pr",1954
"mer",1949
"r j",1948
"ar,",1948
"t e",1946
"stå",1944
"amm",1938
"le ",1930
"; o",1923
"a k",1922
"uda",1922
"nni",1921
"tjä",1919
"ast",1901
"jäl",1900
"m v",1899
"dar",1899
"ala",1898
"gjo",1896
"er.",1896
"s o",1894
" os",1887
"ive",1886
"isk",1884
"dit",1883
"or ",1882
"akt",1876
"e k",1875
"vin",1874
"ut ",1874
"m t",1865
"t ä",1862
"trä",1838
"g o",1835
"än ",1835
"äde",1834
"l, ",1829
"bor",1825
"m f",1820
" sö",1817
"låt",1812
"g i",1811
", a",1807
"å h",1805
"off",1804
"lad",1803
"e a",1802
"rre",1801
"vi ",1788
"jän",1775
"n ä",1774
"h b",1771
"am ",1771
"t l",1766
"rfö",1748
"tid",1747
"n l",1741
"m i",1739
"el ",1732
"ela",1732
"sit",1731
"yck",1730
" Jo",1712
"ghe",1709
"g t",1708
"sen",1706
"ud ",1705
"ENS",1705
"h t",1704
"r g",1704
"err",1699
"gt ",1689
"rar",1676
"ssa",1671
"red",1670
" ve",1668
"g f",1660
"age",1648
"lar",1648
"ete",1647
" gj",1646
"ära",1638
"ena",1636
" le",1631
"här",1620
"vor",1618
"väl",1613
"äng",1613
"rin",1600
"n I",1597
"eno",1597
"tor",1595
"unn",1594
"a p",1591
"uta",1591
"vet",1588
"dde",1584
"igh",1583
"t g",1581
"h v",1576
"a u",1576
" ge",1575
"lag",1569
"h a",1563
"n p",1563
"et.",1562
"n n",1562
"NS ",1560
"v d",1557
"mar",1552
"äro",1544
"e g",1543
"ret",1542
"rs ",1541
"tig",1538
"tet",1535
"n u",1535
"vis",1535
"g d",1532
" vå",1526
"s t",1526
"kta",1524
"a l",1523
"del",1511
" Sa",1508
"ur ",1502
"kun",1499
"s d",1499
"h g",1492
"h e",1487
"sva",1482
"t u",1475
"d f",1473
"; d",1473
" Oc",1468
"ig.",1467
"l f",1466
"ds ",1465
"kri",1464
"Ty ",1460
"h m",1457
", i",1454
"a g",1453
"na,",1453
"Så ",1452
"ivi",1449
"g v",1447
"tag",1446
"nes",1438
"on,",1437
", u",1437
"s l",1433
" He",1430
"cka",1429
"nt ",1420
"ne ",1420
" na",1417
"sjä",1414
" kr",1412
", n",1409
"tro",1406
"äll",1405
"i h",1403
"kan",1403
"n; ",1397
"äna",1396
" gr",1390
"öde",1389
"ört",1389
"h l",1389
"äls",1387
" re",1384
"ärt",1383
"  O",1380
"s a",1380
"ber",1379
"ts ",1378
" ju",1377
"o d",1374
"ble",1373
"r k",1373
" vo",1372
"d m",1368
"ven",1363
"l m",1360
" hj",1356
"e e",1355
"vär",1355
"m e",1354
"oro",1354
"ifr",1347
"u h",1343
"ale",1343
" ne",1343
" Da",1342
"ott",1339
"vän",1338
"å f",1336
"Jag",1335
"ned",1332
"r l",1324
"s m",1321
" sy",1316
"mel",1314
"å m",1312
"syn",1308
"l a",1306
"r n",1304
"ött",1302
"ffe",1302
" to",1300
"igt",1299
"uds",1295
"m: ",1295
"må ",1293
"å v",1285
"og ",1284
"hjä",1282
"ist",1282
"tra",1282
"fer",1280
"lik",1278
" ga",1276
"vår",1274
"r u",1272
"ode",1272
"e ä",1268
"nfö",1268
"ud,",1267
"Her",1267
"n r",1265
"rta",1264
"go ",1264
"åll",1261
"täl",1260
"räd",1257
"nis",1257
"nat",1256
"kar",1256
"s v",1252
"rn ",1249
"l j",1246
"ja ",1243
"g m",1243
"m ä",1242
"lat",1237
"åda",1236
"l v",1236
"ole",1231
"rda",1231
" ku",1231
"ose",1231
"dom",1228
"ukt",1226
"jär",1224
" ar",1223
"äck",1223
"van",1221
"got",1217
"ark",1216
"sön",1214
"bes",1212
"åte",1202
"brö",1200
"EN,",1200
"hål",1196
"rän",1196
"sal",1196
"rus",1194
"ja,",1192
"ida",1192
"lde",1191
"N, ",1191
"lja",1190
"Jer",1188
"fin",1182
"  D",1181
"an,",1181
"nte",1180
" Se",1180
"hen",1178
"avi",1178
"äkt",1176
"ju ",1172
"äre",1169
"gra",1169
"bla",1168
" do",1168
"ave",1166
"å t",1164
"kor",1159
"Han",1159
"tio",1158
"ått",1158
"om,",1157
"de,",1155
"h i",1150
"ris",1150
" hi",1149
"a ö",1148
", j",1148
"rli",1148
"ika",1146
"ärf",1146
"ev ",1146
"s i",1143
" Ja",1138
"tre",1136
"t n",1136
"rd ",1134
"örb",1134
"äga",1134
"död",1133
"e u",1133
"e l",1128
" fu",1127
"Dav",1127
"a ä",1126
"å b",1124
" kv",1123
"tän",1123
"m m",1119
"erg",1119
"ar.",1118
"eli",1115
"röd",1109
" jo",1106
"kas",1105
"r p",1104
"kt ",1103
"m b",1102
"älv",1102
"l o",1100
"beg",1099
"edr",1099
"int",1099
"d v",1098
"aka",1098
"mli",1097
"mån",1095
" of",1095
"inf",1095
"ker",1094
"l e",1093
"räs",1093
"g a",1091
"väg",1089
"fär",1088
"d t",1083
"d a",1079
"öre",1079
"prä",1079
"t k",1078
" hå",1076
"l b",1073
"ran",1071
" Mo",1071
"få ",1069
"eru",1066
" ur",1066
"r; ",1064
"läg",1063
"r ä",1061
"gå ",1061
"use",1060
"m a",1058
"ruk",1057
"åst",1057
"fad",1056
"ite",1055
"nst",1054
"pen",1053
"esu",1051
"ron",1049
"s k",1046
"llb",1045
"om.",1044
"Jes",1042
"ru ",1041
"em,",1041
"bet",1033
"skr",1032
" fä",1031
"est",1031
"Där",1031
"ari",1027
"ynd",1027
"t; ",1026
"ele",1026
"ets",1025
"fal",1023
"öne",1023
"t p",1018
"evi",1017
"äl ",1012
"gga",1008
"ant",1006
" kä",1006
"os ",1003
"gud",1002
"h k",999
"imm",997
"ser",996
" if",996
"föl",995
"När",994
"v s",993
"ust",993
"tus",990
"e p",988
"ilk",988
"re,",987
"sju",982
"hög",981
"ygg",979
"ärl",979
"nan",978
"set",977
"d i",977
", H",974
"l i",973
"sla",972
"amn",972
"sän",968
", b",963
"res",962
"rop",960
"»  ",959
"nam",959
"sed",958
"lin",957
" bä",956
"k, ",954
"gna",953
"läd",953
"i f",950
"a n",949
"gär",949
" pl",948
" gu",947
"d e",946
"t j",942
"aml",941
"ikt",940
"a; ",937
" Ha",936
"ärn",931
"em.",931
"n G",929
"usa",929
"I s",927
"lk ",926
" tu",921
"ana",919
"gic",918
"v h",918
"ng,",918
"h j",917
"gel",917
"dri",915
"Jud",915
"fru",914
"rdi",914
"tog",912
"ttn",910
"en;",908
"end",908
"lät",907
"rke",902
"g ä",902
"erl",900
"lem",899
"isa",898
" Ju",898
"Det",896
"sat",895
"éer",894
"å g",890
"ölj",889
" kl",886
"går",883
"vat",882
" Si",882
" fl",881
"öst",881
"opp",879
"y d",879
"us,",879
"m j",874
"kap",873
"n. ",870
" tv",868
"m n",868
"öda",867
"hun",863
" ri",863
"tru",862
"rik",862
"el,",861
"pte",859
", k",857
" --",857
"frä",856
" go",853
"orn",853
"u d",852
"ons",851
"Mos",851
" sp",850
"h n",843
"par",843
"slä",842
"uru",838
"rag",837
"sus",837
"kti",834
"n: ",830
"rsk",829
"nd,",828
"gad",827
"änk",825
"jud",823
"sik",822
"ske",821
" bå",821
"g e",820
"sar",819
"ide",818
"i m",817
"rig",816
"åga",814
"å o",811
"fet",809
" ro",806
"två",804
"nno",804
"ge ",803
"iss",800
"r G",799
" ög",799
", I",799
" Me",798
"him",797
"gav",797
"rso",794
"rid",794
"; t",793
"ats",792
"g; ",791
" rö",790
"od ",790
"län",789
"eva",788
"ski",786
", l",783
"rni",782
"m k",781
"l g",779
"h p",779
", p",778
"alt",778
"ppa",772
"åta",771
"ppe",771
"bak",771
"l t",768
"ngs",767
" år",766
"k s",766
"t H",766
"riv",765
"svä",763
"n j",763
"föd",762
" ås",762
" »V",758
"hän",758
"rof",757
" De",756
"tfä",753
"örr",752
"byg",750
"å k",750
"ond",749
"o s",748
" Ab",747
" tä",747
".» ",746
"ofe",746
"i e",746
"ta,",744
"får",744
"u i",743
"a: ",743
"gyp",743
"ypt",743
"l k",740
"ttf",740
"tod",740
"; h",739
"pa ",738
"De ",736
"h o",734
"lls",733
" on",732
"ilj",730
"mod",729
"vå ",728
"åde",727
"ej ",727
"örg",726
"båd",724
"eta",722
"tån",722
"örn",722
"Du ",721
"å i",721
"kad",721
" ej",720
"s g",719
"gån",719
" Be",719
" fe",718
"rn,",718
"g u",717
"g g",716
"ike",716
"; m",715
"t I",714
"d; ",714
"n å",712
"om:",712
"lv ",711
"r. ",710
"kän",710
"äns",710
"pro",709
"örk",708
": '",708
"ra,",708
"g b",708
"sät",707
"u m",707
"åg ",706
"ögo",706
"Om ",706
"i v",705
"e j",705
"run",705
"e n",703
"rös",703
"a r",703
"Den",702
"ät ",700
"m g",700
" ev",698
"kvi",697
"nsk",696
" ät",693
"tå ",693
"ref",691
" bu",686
" mu",686
"räl",685
" »D",684
"io ",684
"ore",684
"nor",683
"ege",683
"läk",682
"far",682
"u f",680
"n H",680
"h J",678
"pla",677
"n ö",677
"ämt",677
"net",676
"ld ",675
"bär",675
"jun",675
"lär",674
"na.",671
" lo",670
"såd",670
"org",669
"blo",669
"lba",667
"å e",667
"tit",665
"råd",664
"Ja,",664
"rsa",664
"t r",663
"lta",663
"cks",662
" Ba",661
"bed",660
"mmo",660
"lsk",660
"gge",658
"kär",658
"nsi",657
"ngo",657
"mmi",657
"fri",656
"arm",655
" my",654
"lod",654
"sty",654
"m l",653
"h H",653
"Jos",653
" by",652
" lö",652
"fas",652
"a å",651
"t ö",651
"mo ",651
"tti",649
" »S",647
"mla",645
"smä",643
"hos",643
"jur",642
"san",640
"h r",638
"öll",638
"t å",638
"t. ",636
"ms ",636
"s u",634
"ädd",634
"-- ",633
"kna",632
"nd.",631
"Var",630
"n J",630
"sid",630
"eld",630
"hur",629
"tör",628
"her",628
"r r",628
"ånd",627
"?  ",625
"e r",624
"aft",623
"ämn",623
", g",621
"a. ",619
" gä",619
"brä",618
" Eg",618
"ng.",617
"se,",616
" sm",616
"rti",616
"sök",616
"nnu",614
"ien",614
"tri",614
"stö",613
"klä",613
"rod",613
"jde",612
"agt",611
"sti",611
"dda",611
"u v",610
"å l",609
" El",609
"såg",607
"g n",606
"ödd",606
" Ma",606
"de.",604
", J",603
"Egy",603
"hop",602
"lje",601
"myc",601
"räc",601
"da,",601
" gl",598
"kså",597
"ora",596
"opa",595
"fem",593
"höv",593
"as,",593
"bro",593
" äl",593
"bel",592
"fat",592
"aul",592
"mor",591
"rit",591
"hem",590
"bud",590
"n.»",589
"dju",588
"an.",588
"emo",588
"rav",587
"trö",587
"lsa",587
"uld",586
"  S",586
"råg",586
"m; ",585
"g k",585
"s e",585
"er;",584
"h u",584
" fy",581
"art",579
"d k",578
"l l",578
"erk",578
"let",578
" jä",577
"i J",577
" Ar",576
" ly",575
"öjd",575
"s n",574
"äri",574
"äta",574
"mna",574
"ttr",572
"vo ",572
"por",572
"gas",571
"kro",571
"jut",570
"m u",570
"fly",569
"ält",569
"åna",569
"ere",569
"täd",569
"one",568
"e; ",568
"d b",567
"huv",567
"uvu",567
"vud",567
"å u",567
"e ö",566
"ert",566
"r: ",566
"ägg",565
"beh",565
"jäm",564
"rog",564
"tt,",564
"rut",562
"em:",561
"dad",561
"dro",561
"p o",561
"s p",558
"ars",558
"tam",558
"rka",555
"stu",555
"p, ",554
"or,",553
"oni",553
"raf",552
"lit",552
"ffr",551
"o i",549
"g p",548
"lju",547
" te",547
"tju",547
"kva",545
"tne",543
"ogo",543
" eg",542
"lka",541
"örl",541
"k h",540
"fyr",539
"ia ",539
"i l",538
"omk",538
"åra",538
"d p",537
" As",537
"ärv",536
"i b",536
"ig;",536
"m I",536
" Fa",536
"gla",534
"lld",534
"m H",534
"ful",533
"s r",533
"l H",533
"las",533
"oms",533
"ved",532
"get",532
"kob",532
"äld",531
"I h",530
"aff",530
"rra",529
"dje",529
"skö",529
"rif",529
"l J",529
"å n",528
"ckt",527
"d g",526
" bö",526
"ra.",525
"s G",525
"kla",525
"i a",524
" kö",523
"r I",523
" em",520
"k o",519
"ffa",519
"sak",519
"Se,",517
"o t",517
"äml",516
"å, ",516
"ård",515
"ban",513
"v m",511
"am,",511
"ind",509
"sag",509
"rvi",507
" lj",506
"ama",505
"bef",505
"å j",503
"abe",503
"e J",502
"ako",502
"ude",502
"ag,",500
"För",499
"e å",499
"rva",499
" bj",498
" ol",498
"öd ",496
"h A",496
"lek",496
"d. ",494
"lom",494
"elg",493
"  M",493
"mkr",492
" »J",492
" vr",492
"EN.",491
"asa",491
"ata",490
"u, ",489
"fic",489
"vre",489
"edo",489
" mö",488
"sky",488
"nåd",488
"slu",488
"ärj",487
"r ö",486
"kel",485
"et;",484
" »H",484
"rd,",483
"rne",483
" Kr",483
"lis",482
"r J",482
"Kri",481
"u g",479
"änt",479
"aha",478
"är,",478
"höj",478
"; s",476
"N h",476
"rot",475
"tat",475
"i, ",475
"pps",474
"g l",474
"lov",474
"d ä",472
"v e",472
"h I",472
"skä",472
"»Ja",471
"örv",471
"eba",471
"edj",470
"v a",470
"mås",470
"god",468
"r å",468
"i t",468
"lut",466
"N s",465
"v f",464
"n S",464
"; j",464
"eha",462
"nit",460
"tas",460
"»Va",459
"  H",459
"ud.",459
"on.",459
"i H",459
"rma",458
"lös",457
"kam",456
"nel",453
"Vad",453
"agn",453
"u ä",452
" Då",452
"ytt",452
"t.»",451
"köt",451
"rge",451
"äg ",451
"ova",450
"dre",450
"fäd",450
"y h",449
"er:",449
"ack",449
"rte",448
"eck",448
"Seb",448
"lva",448
"gre",447
"git",447
"All",447
"ada",447
"g.»",446
"o f",445
"t: ",445
"vig",445
"urs",444
"rel",443
"rtr",442
"ad,",441
"ll,",441
"Sal",441
"alo",440
"el.",439
"n A",438
"egy",437
"sna",437
"gli",437
"m p",436
"o h",436
"utg",436
"a.»",434
"bör",434
", S",434
"efa",434
"näm",433
"räm",433
"ids",433
"kra",431
"das",430
"lli",428
"o, ",428
"us.",427
"Jak",427
"Sau",427
"ift",426
"s ä",425
"l p",424
"yra",424
"gåv",423
"for",423
" Så",423
" dj",422
"gul",422
"u k",422
"arb",422
"i k",421
"ton",420
"lds",419
"igg",418
"r.»",417
"at,",417
" Ty",417
"tun",416
"iv ",416
" ru",416
"llo",415
"mak",415
"tni",414
"llh",414
"ild",413
"ka,",413
"mun",413
"tår",412
"g. ",412
"arf",410
"m. ",410
" pe",410
"ga,",410
"mte",409
", A",409
"o a",409
"enb",409
"pel",409
"ure",408
"tes",408
"u t",408
"krä",407
"s ö",407
"k d",407
"agi",406
"Sed",406
"bre",406
"rja",406
"arv",405
"jus",404
"tfö",404
"reg",403
"rgå",403
"v, ",402
"yll",402
"bun",402
"rba",402
"ngå",402
"eri",402
"te,",402
"d u",401
"v k",401
", ä",401
"läm",401
"es,",400
"e H",400
"låg",400
"k f",398
"rbe",398
"mn ",397
"mta",397
"rme",396
"å ä",396
"ute",396
"ngr",396
"nba",396
"g: ",396
"grä",396
"örf",395
"abb",394
"ryc",393
"sma",393
"öke",392
"l u",392
"dni",391
"evo",390
"to ",390
"fån",390
"bba",390
"ta.",389
"ria",389
" rå",388
"g ö",388
"bju",387
"h S",387
"höl",387
"is ",387
" og",387
"dak",387
"a I",387
"gam",385
"lni",385
"rat",384
"mis",383
"re.",383
"ent",383
"dja",382
"bru",381
"»De",381
"pna",380
"ft ",379
"tyc",379
"bra",378
"e. ",377
"tel",376
"kne",376
"amf",375
"kli",375
"pad",374
"ont",374
"drä",374
"lst",374
"utt",374
"slo",374
"nds",373
"ion",373
"u b",372
"föt",372
"ass",372
"ror",371
"a j",370
"åd ",370
"ign",369
"nka",369
"da.",368
"gde",368
"do ",368
"ota",368
"dna",368
"Aro",368
"ägr",366
"uts",365
"rak",364
"röt",363
"en:",361
"id,",361
"ost",360
"kat",360
"räk",360
"dst",360
"ami",360
"jer",359
"ene",359
"o o",359
"ins",359
"lts",359
"tol",358
" Am",358
"lte",358
"fur",358
"lus",357
"öva",357
"ar;",356
"lån",356
"mal",356
"ric",356
"glä",356
" An",355
"jug",355
"gin",355
"u l",354
"ald",354
"tt.",353
"k i",353
"ndi",352
"lam",352
"döm",352
"ang",352
"mör",351
"öka",351
"utr",351
"sni",351
"tec",350
"fun",350
"rbu",350
"häm",349
"hag",349
"ili",349
"kt,",348
"uka",348
" Gi",348
"ydd",348
"ga:",348
" ry",348
"röm",348
"avs",347
"doc",347
"Sam",346
"tse",346
"röv",346
"y j",346
"led",346
"sil",346
"oab",346
"d l",345
"S h",345
"åld",345
" Ka",344
"sse",344
"rle",344
"lot",343
"Eli",343
"odd",343
" Ah",343
"dga",342
"ädj",342
"v o",341
" Mi",341
"log",341
" po",341
"pp,",341
"u o",340
" bi",340
"fie",338
"lve",338
"mfö",338
"ank",337
"etr",337
"st,",336
" ak",336
"la,",334
"id.",334
"has",334
"tin",333
"o u",333
"fta",333
"nta",332
" ök",332
"I i",331
"ögt",331
"äda",331
"kil",330
"s å",330
"rns",330
"lsi",329
"val",329
"s; ",329
"ona",329
"ems",329
"omo",329
"i o",329
"ppt",329
"ila",328
"ns,",328
"ero",328
"edd",327
"p m",327
"gåt",327
" Ne",327
"  J",326
"bo ",326
"u a",326
"ilv",326
"gat",326
"lyc",326
"bos",325
"s' ",325
"lk,",325
"lak",325
"osk",324
"v t",324
"I f",324
"l M",324
"spi",324
"rve",323
"v v",322
"o m",322
"ugu",322
"nig",322
"ömm",321
"kaf",321
"dli",321
"a H",320
"tée",319
"En ",319
"ljd",319
"ogu",319
"ngl",318
"ärm",318
"dla",318
"bs ",318
"rgo",317
"d.»",317
"fan",316
"hed",316
"ors",316
"kre",315
"rtä",315
"rk ",314
"nja",314
"fäs",313
"ake",313
"h M",313
"RE,",313
"E, ",313
"rgä",313
"lna",312
"åre",312
"l ä",312
"öru",312
"hit",312
"nsa",311
"te.",311
"se.",311
"udi",311
" pa",311
"mas",311
"lln",311
"k m",310
"Far",310
"ke,",310
"fåt",310
"ams",309
"ngd",309
"pet",308
"ll.",307
"aln",307
"ka.",307
"Abr",307
"rdä",306
"mon",306
"vag",306
"ryt",306
"rd.",305
" lu",305
"esa",305
"l S",305
"tyg",305
"ile",305
" öd",304
"em;",304
"k t",304
"p t",304
"fre",304
"ias",304
"j h",303
"or.",303
"dot",303
"lea",303
"ebu",302
"ham",302
"al ",302
"eln",302
"ärs",301
"vak",301
"per",301
"övd",300
"sån",300
"gyn",299
"äd ",299
"lda",299
"etä",299
"pst",299
"ura",298
"esi",298
"bev",296
"y s",296
"tså",296
"eve",296
"fyl",295
"ap ",295
"lti",295
"nof",295
"örm",295
"dat",295
"cko",295
"rev",294
"r E",294
"?» ",294
": S",294
"rku",294
"elä",294
"tom",293
"gan",293
"döt",293
"ngt",293
"älp",292
"d j",292
"åvo",292
"Min",291
"nti",291
", r",291
"ben",290
"g å",290
"e.»",289
"o v",289
"  T",289
" sn",289
"ne,",288
"sté",288
" no",288
"m r",287
"På ",287
"slå",287
"t J",287
"odo",287
"nöd",287
"ndl",287
"edn",286
"fil",286
"ros",285
"äpp",285
"sst",285
"je ",284
"aso",284
"try",284
"jas",284
"rju",284
"h ö",283
"l A",283
"pph",283
"Bet",283
"drö",282
"örh",282
"i g",282
"äte",281
"I d",281
" Na",281
"sex",281
"nke",281
"lga",280
"är.",280
"ss,",280
"pri",280
"rao",280
"g r",280
"ipp",280
"And",279
"orr",279
"öpp",278
"dsk",278
"h ä",278
"ek ",277
"al,",277
"p f",276
"l r",276
"e A",276
"u e",275
"inv",275
"b, ",275
"mst",275
"rom",275
