"ng ",189341
"ang",123210
" sa",75183
" na",68055
"sa ",66121
" ka",57339
" ng",53785
" an",47258
"at ",45300
"ay ",40037
" at",38796
"na ",38496
"g m",37411
"ga ",36029
" ma",35355
"an ",32196
"mga",32089
" mg",32085
"iya",30732
", a",29087
" si",28515
"ala",28094
"ani",26132
"kan",25328
"ing",24639
"ong",24626
"a a",24450
"a n",24436
"g k",24069
" ay",23816
" pa",23449
"a k",23232
"ila",22943
"n n",21975
" ni",21173
"niy",20917
"ina",20741
"a s",20582
"yan",19930
"lan",18659
"apa",17632
" ba",17167
"ana",17103
"nga",16328
"ama",16259
"g i",16156
"gin",16106
"aki",16058
"t s",16057
"g s",15989
"'y ",15717
"y n",15537
"a m",15277
"t n",15189
"pag",15175
"yon",15159
"n, ",14991
"nan",14954
"aha",14938
"asa",14905
"g p",14659
"t a",14470
"g a",14457
"on ",14079
"aga",13964
"in ",13962
"n a",13928
" ak",13875
"a i",13866
"man",13856
"At ",13779
"ata",13693
"n s",13169
"nag",13152
"awa",12779
" la",12603
"kin",12586
"ayo",12539
"a, ",12456
"aka",12388
"mag",12203
"pan",12175
"aya",12121
"a p",12016
"g b",12008
"oon",11819
"ngi",11728
"gka",11678
"nil",11620
"ali",11509
", n",11382
"ari",11156
"agk",11086
"nak",10960
"o, ",10922
"aba",10810
"'t ",10809
"abi",10677
"san",10617
"g l",10536
"g n",10405
"ara",10282
" ta",10096
"gay",10044
"han",9959
"ino",9928
"o a",9926
"la ",9833
"ni ",9697
"ya ",9685
" ha",9443
"gan",9344
"ags",9344
"ita",9298
"a b",9280
"uma",9248
"sin",9181
" iy",8962
"iyo",8916
"g t",8891
"hin",8871
"a'y",8813
"i n",8791
" da",8782
"o n",8571
"y m",8551
"a't",8378
"noo",8271
"siy",8213
" Pa",8201
" in",8037
"ito",8024
"a l",7995
"kay",7970
"o s",7874
"pin",7843
"Pan",7748
"upa",7696
"isa",7660
"an,",7541
"ung",7520
"nyo",7314
"tin",7280
" hi",7276
"ini",7273
"ndi",7248
"di ",7235
"ak ",7214
"ako",7162
"iny",7018
"ati",6853
" ga",6832
"o'y",6828
"si ",6754
"y s",6709
"aan",6701
"ban",6623
"a h",6500
"yo ",6487
"agi",6482
" pi",6357
" is",6353
"tan",6343
"sil",6342
"lal",6324
"k n",6321
"hat",6290
"ind",6229
" bu",6184
"kas",6110
"lak",6082
"ula",5964
"g P",5878
" lu",5853
"har",5832
"aon",5713
"ko ",5676
"sal",5668
"gsi",5634
"ili",5594
"t i",5553
"t k",5516
"g h",5503
"s n",5497
"a t",5478
"as ",5410
", s",5386
"g d",5386
"kap",5380
"uwa",5365
"ain",5334
"mat",5289
"ta ",5254
"pat",5250
"may",5210
"bi ",5146
" it",5134
" mo",5094
"i, ",5072
"bay",5015
"ka'",5010
"; a",4995
" tu",4917
"ios",4907
"nin",4889
"lah",4881
"i s",4874
"wal",4871
"on,",4847
"aw ",4842
"nab",4805
"wan",4722
"tay",4654
"ya'",4654
"hay",4646
"sab",4595
"ami",4553
"lin",4536
"to ",4530
"wa ",4498
"nas",4480
" Di",4455
" ku",4438
"kal",4370
"sam",4352
"Dio",4342
"t m",4328
"ibi",4322
"os ",4242
"n m",4225
" pu",4167
"isi",4123
"bag",4121
"ahi",4098
"kam",4091
"lit",4086
"kat",4065
"agp",4026
" ko",4013
"mal",4008
"mak",3980
"gal",3965
"ag ",3956
"lab",3956
"a g",3909
"an.",3905
"ika",3905
"nal",3886
"s, ",3870
"a d",3848
"g g",3841
"mo ",3807
"ngg",3803
" ib",3747
"l s",3707
"y a",3677
"dal",3672
"ipa",3634
"sap",3616
"gag",3600
"lup",3582
"g D",3574
"big",3555
"bin",3554
" li",3536
"gaw",3513
"tao",3509
"bab",3493
" di",3491
"yo'",3488
" ti",3482
" up",3481
"yao",3455
"gpa",3449
"n k",3449
"ka ",3449
" su",3416
"gsa",3407
"nam",3383
"atu",3375
" hu",3369
"kun",3353
"ngk",3329
"sas",3311
"min",3292
"it ",3255
"to,",3246
": a",3198
"git",3191
"iga",3174
"and",3155
"iba",3154
"sis",3154
"par",3151
"ri ",3137
"bah",3128
" Is",3109
"lag",3108
"ipi",3067
"gga",3056
"i a",3047
"i J",2986
"tat",2982
" gi",2978
"ig ",2978
"raw",2974
"y h",2974
"nap",2945
"lam",2930
"t p",2920
" bi",2917
" ik",2915
"n; ",2900
"la'",2897
"inu",2896
"kit",2882
"ihi",2867
"Ang",2861
"ap ",2836
"uha",2835
"mul",2823
"wag",2809
" mu",2806
"nat",2777
"in,",2774
"pal",2773
" wa",2755
"ael",2753
"pak",2745
"kak",2744
"iha",2713
"ran",2696
"y k",2691
"ulo",2688
"mam",2679
"abu",2668
"s a",2659
"bi,",2654
"t h",2654
"rit",2651
"nig",2639
"rin",2627
"sra",2606
"rae",2596
"id ",2595
"Isr",2595
"naw",2588
"roo",2579
"aro",2575
"s s",2563
"kaw",2544
"sum",2541
"ano",2529
" Je",2529
"igi",2522
"g, ",2518
" ar",2516
"y i",2506
" ip",2505
"lon",2494
"ya,",2493
"pap",2483
"kah",2481
"uni",2457
"gya",2437
"api",2427
"rap",2420
" Sa",2390
"og ",2386
"tun",2380
"y p",2374
"ma ",2353
"l n",2346
"kar",2342
"pun",2340
"mas",2335
"iwa",2330
"n: ",2312
"wa'",2311
"mab",2305
"pas",2285
"una",2285
"ot ",2272
"alo",2262
"tap",2255
"w n",2251
"no ",2246
"ol ",2243
"pai",2241
"t, ",2236
"law",2234
"apu",2212
"gko",2208
"lat",2207
"p n",2203
"usa",2201
"al ",2198
"gun",2192
"l, ",2191
"a; ",2181
" ya",2170
"i A",2167
"lib",2164
"dak",2163
"umi",2150
" am",2131
"ndo",2119
"sip",2104
"gta",2089
"uno",2081
"kag",2069
"il ",2057
" du",2056
"alu",2051
"agl",2040
"on.",2038
"od ",2037
"kai",2034
"la,",2029
"d n",2028
"ko'",2023
"pa ",2016
"hil",2012
"y, ",2009
"yo,",1993
"din",1987
"ada",1975
"kab",1955
"agt",1950
"agb",1944
"i't",1940
"tag",1925
"nah",1925
"gat",1916
"yar",1908
"bat",1906
"; s",1901
"an;",1899
"y t",1899
", k",1895
"ulu",1894
"ngy",1893
"uto",1891
"bas",1888
"sus",1886
"g u",1883
"ni'",1866
"w a",1864
"iti",1860
"Sap",1857
"bal",1852
"t t",1846
" il",1832
"i k",1832
" al",1828
"ake",1827
"lil",1821
"d s",1809
"lay",1805
"dah",1799
"kaa",1793
"pam",1792
" ki",1783
"buo",1783
"uwi",1782
"ton",1781
"li ",1779
"ay,",1772
"ira",1770
"int",1768
"baw",1763
"ba ",1760
"ngu",1757
"mpa",1756
"mar",1742
"pit",1740
"a: ",1739
"m n",1734
": s",1733
"i S",1731
"und",1725
"aal",1721
"uon",1720
"asu",1711
"nom",1709
" At",1700
"lum",1699
"kod",1697
"lim",1687
"ok ",1685
"k s",1682
"d, ",1678
"ad ",1675
"awi",1671
"bak",1666
", u",1662
"tum",1661
"i m",1659
"ato",1658
"agh",1654
"el ",1648
" Jo",1647
"buh",1643
"is ",1641
"asi",1638
"iki",1634
"uli",1629
"nar",1625
"gha",1625
"gba",1621
"kil",1619
"mah",1607
"nda",1598
"ant",1576
"agu",1573
"an:",1571
"kon",1568
"mon",1565
"tul",1563
"hal",1559
"tak",1540
"tuw",1535
"y l",1533
" Da",1532
"umu",1532
"lo ",1528
"a J",1527
" o ",1523
"a u",1520
"y d",1518
"non",1517
"nit",1510
"a P",1502
"but",1496
"ias",1492
" Ma",1489
"oma",1485
"apo",1480
"l a",1479
"sar",1478
"go ",1464
"k, ",1463
"lik",1462
"os,",1462
"aho",1450
"map",1447
"tas",1445
"ram",1444
"utu",1443
"lig",1442
"paa",1442
"gul",1441
"dum",1436
"o k",1436
"taa",1435
"maa",1431
"ugo",1422
"Sa ",1420
"ago",1418
", A",1412
"tab",1407
"uan",1403
"tal",1398
"daa",1396
" Si",1394
"nay",1390
"uti",1387
"o; ",1384
"puw",1370
"kol",1369
"in.",1366
"gli",1365
"pay",1359
"usu",1357
"kik",1353
"m, ",1352
" An",1350
" Ju",1349
"am ",1344
"dog",1343
" gu",1341
"ta,",1334
"sak",1334
"ik ",1329
"gda",1327
"huw",1326
"t l",1324
"as,",1311
", m",1311
"ibo",1309
"oob",1309
"t d",1308
"loo",1308
"uso",1307
"i M",1307
"ng,",1302
"gas",1297
"nto",1293
"ti ",1291
"e, ",1289
"bun",1280
"el,",1280
"bil",1275
"gla",1274
"ian",1274
"uka",1273
"amp",1270
"mai",1269
"k a",1269
"ke ",1267
"lip",1266
"agd",1260
"kad",1255
"im ",1252
"bib",1251
"gig",1247
"da ",1239
"sik",1239
"pus",1236
"o: ",1229
"e n",1228
"nta",1223
"Nan",1216
"ubu",1213
"d a",1209
"iri",1205
"i I",1205
"t b",1201
"aas",1200
"Jud",1199
"lis",1195
"tid",1193
"Jer",1187
"hah",1185
"ima",1179
"t g",1177
"gap",1174
"hon",1170
". A",1166
"ria",1162
"luw",1161
"ri,",1160
"o m",1158
"bae",1155
" Na",1154
"say",1154
"hag",1153
"uta",1152
"bih",1150
"wid",1148
"ase",1146
" ap",1142
"ntu",1141
"g I",1130
"ha ",1116
"ump",1114
" Ba",1113
"ya.",1112
"amb",1109
"Oh ",1108
"sun",1105
"ao ",1100
"mba",1099
"ser",1099
"ail",1098
"tot",1098
"e a",1096
"y b",1091
"lap",1085
"win",1082
"avi",1080
" Mo",1080
"taw",1079
"ist",1077
"n d",1076
", i",1073
"Dav",1062
"vid",1062
"ay.",1058
"i D",1058
"ko,",1050
"rus",1050
"rdo",1038
"ale",1033
"ise",1024
"tah",1019
"nun",1017
"y g",1015
"bub",1014
"ses",1014
"ans",1009
"kau",1008
" um",1004
", o",1004
"kip",1001
"gpu",1000
"mi ",1000
"ote",1000
"ob ",998
"ak,",995
"ngh",994
"pah",992
"uko",992
"gi ",986
"at,",983
"oto",982
"ril",979
"tub",976
"doo",976
"gab",974
"esu",974
"rih",971
"erd",967
"Jes",967
"dot",966
"unu",957
" Oh",948
"ubo",942
"g J",939
"aku",939
"aso",938
"Kay",937
" ul",934
"dam",930
"gum",928
", p",925
", h",917
"eru",916
"a y",914
"pis",912
"alh",912
", O",911
"Kun",907
"nsa",905
"tlo",904
"tna",903
"i E",895
"tos",891
"gis",883
"gma",883
"uda",883
"id,",880
"lul",880
"ubi",878
"la.",878
"to.",877
"on;",876
"aru",875
"saw",874
"sok",873
"ath",873
"dio",869
"atl",862
"ilo",859
"iin",859
"g E",858
"itn",856
" do",856
"itu",855
"lem",854
"dan",854
"aar",851
"Moi",851
"ois",851
" as",849
"huk",848
"hul",848
"pum",845
"gip",844
"gon",843
"buk",841
" Ab",840
"Ngu",837
" Am",836
"ham",833
"gil",832
"igt",829
" pr",824
"gaa",820
"laa",811
"a w",809
"oy ",806
"uga",805
"ra ",804
" Ga",801
"tut",801
"a D",798
", S",798
"ngb",798
"na,",791
"gak",791
"sit",790
"nug",788
"ris",788
"hum",787
"bo ",783
"to'",783
"hih",782
"tua",782
" un",781
"; n",779
"dad",778
"bul",777
"sto",776
" Be",775
"ngl",774
"os.",772
"yo.",771
"a r",768
" ri",762
"yay",762
" Eg",762
"on:",759
"maw",758
"kul",754
"ro ",754
"Dat",752
"ngo",752
"raa",745
"naa",745
"Egi",745
"so ",735
"pos",735
"sug",732
"wa,",729
"nti",726
"tol",726
"ron",726
"aaw",725
"a E",724
": n",721
"bum",721
"pa,",719
"ng-",719
"a I",718
"b n",717
"g y",711
", I",709
"ga'",709
"bon",707
"kbo",706
"aw,",705
"w, ",705
"m a",704
"yin",703
"way",702
"ayi",700
"bot",700
"ngp",699
"a S",698
"a A",697
"buw",697
"las",688
"sul",688
"gbi",687
" lo",683
"dat",678
"uba",677
"abo",676
"got",672
"sag",671
"Nar",670
"e s",666
"unt",666
"Na ",665
"amo",663
"lub",663
"g A",662
"pul",662
"ipt",662
"pto",662
"ae ",658
"uri",657
"sta",654
"ka,",652
"yam",650
"Hin",647
"Jos",647
"log",646
"ig,",645
"s k",639
"nia",639
"sia",636
"him",635
"kot",635
"m s",635
"kha",634
"i B",632
"ma,",631
"es ",631
"kum",630
", H",630
"hab",628
" Ja",627
"luk",627
"aut",625
"a B",625
"dag",623
"g w",623
"in;",623
"Sin",622
"ma'",622
"ng.",621
"imu",620
"suk",618
"t w",615
"it,",614
"hig",614
"da,",611
"oni",611
"mih",611
" to",609
", g",609
" El",609
"; k",603
"p s",601
", d",597
"n. ",593
"te ",592
"gsu",592
"ukb",592
"uro",591
" Ha",590
"nim",584
"lha",581
"b, ",581
"nis",580
"g; ",579
"Huw",571
"i b",571
"ia ",569
"aul",569
"ast",567
"o p",567
", N",563
"ukh",561
"ghi",559
"pil",558
", K",557
"lo,",557
", b",556
": k",556
"iko",555
"tit",555
"tup",554
"pon",552
"s: ",552
"agm",549
"pir",548
"sig",548
"in:",546
"dok",546
"tia",545
"spi",544
"ao,",544
"r, ",544
" Ka",543
" Se",542
"ura",541
"mit",540
" yu",539
"tus",538
" Es",537
"sir",537
"nai",537
"y w",535
"ga,",535
"y u",534
"s; ",534
"ero",534
"nod",533
"liw",532
"poy",530
"eta",530
" As",529
"oha",527
"mun",526
"upu",526
"yag",525
"wa.",523
"i N",523
"Mag",521
"al,",521
"eth",521
"too",520
"oro",519
"nih",518
", M",518
"ip ",518
"eo,",518
"a G",517
"tha",517
"i H",515
"Ako",515
"gam",514
"ipo",514
"i C",513
"hit",513
"amu",512
"muk",512
"y J",510
"ggi",510
"ia,",510
"hiw",509
"t u",509
"ta.",509
"hir",504
"nau",502
"has",502
"yap",502
"rat",499
"lun",499
"uku",497
"gib",497
"kla",496
"g S",493
"tip",492
"om ",491
" ih",489
"a. ",487
"ot,",486
"i; ",485
"pro",485
"put",485
"ukl",485
"pet",485
"ope",484
" Ca",482
"rop",481
"y; ",479
"niu",479
"el.",479
"ahu",478
"anu",478
"am,",477
"ibu",476
"Ama",472
"bos",472
"i p",471
"dil",470
"ay;",470
"lih",469
"es,",469
"abe",466
"dar",466
"lia",466
"i P",465
"yum",465
"li,",464
"sa,",463
"oba",462
"ugi",461
" He",461
"ays",457
"ysa",457
"Siy",457
"any",456
"mad",456
"upo",456
"dug",453
"lot",451
"ro,",451
" ro",449
"a M",449
"ya;",448
"hoy",447
"gti",447
"h, ",445
" Hi",445
"k k",445
"la;",445
"toh",445
"o b",443
"nhi",441
"gbu",440
"y A",440
"pur",440
"ad,",439
"mpu",439
"dit",439
"ins",438
"p a",437
"Gay",437
"Sal",437
"gah",436
"lom",435
"aun",435
"num",432
"Gan",431
"eo ",430
"d b",430
"lad",428
"nuh",427
" aa",427
"Sau",427
"dig",426
"hiy",425
"an?",425
"us ",423
"b a",422
" Le",422
"luh",422
"gna",421
", P",419
"pu'",419
"u't",419
"Sam",419
"kut",419
"w s",418
"i: ",418
"n p",418
"cha",418
"iis",417
"hai",416
"mo,",414
"yop",414
"lug",414
"igy",414
"as.",414
"n? ",413
"o i",412
"mao",412
"y M",411
"ab ",411
"po ",411
"rna",409
" Cr",409
"pa.",408
"gii",408
"ber",407
"pi ",407
"ern",407
"haw",406
"Ana",405
"nub",402
"Cri",402
"saa",400
"Man",400
"Si ",399
"sid",398
"Jac",398
"ent",398
"Eli",396
"sa'",395
"gtu",395
"wir",395
"wak",394
"o r",394
"bis",394
"gad",394
"ko.",393
"ord",393
"a L",391
"h P",388
"aco",386
"kuk",384
" Fa",384
"Ito",383
"Far",383
"cob",383
"hi ",382
"pup",382
"rum",382
"io ",381
"ay:",381
"l; ",381
"ya:",380
"rah",379
"sim",378
"nad",378
"tig",378
"akb",375
"til",374
"Isa",373
"evi",373
"Ano",372
"ghu",372
"gut",372
" Ak",372
" ut",372
"s m",371
"ak.",371
"tiw",370
"lhi",370
"chi",370
"op ",369
"yaa",369
"a C",369
"bo,",368
"Lev",367
"ech",366
"d k",365
"hel",365
"idi",364
"gku",364
"nsi",364
" Hu",363
"tai",362
"uho",361
"a F",361
" Aa",361
"ona",360
"y y",359
": i",359
", l",358
"os:",357
"to;",356
"r n",356
"inh",355
"pip",355
"ipe",355
"Pag",354
"is,",354
"o? ",354
"Aar",353
"p, ",352
"ng;",352
"n u",352
"y: ",351
" Ge",351
"uhu",350
"oab",349
"adi",348
"od,",348
"nib",347
"tu ",346
"pad",346
"g: ",346
"bai",346
"em,",346
"ba,",346
"Sil",346
"uki",345
"tib",345
"rai",345
"ams",345
" es",345
"iut",344
"g e",344
"to:",344
"us,",344
"yo;",343
"Ika",343
"sih",342
"omo",341
" ig",340
"teo",340
"n l",339
"g M",339
"t; ",338
"ke,",337
"? A",337
"tur",337
"g C",335
"la:",335
", B",334
"ait",333
"ma.",333
" mi",333
"wit",333
"at.",331
"yo:",330
" le",330
"lut",329
"o u",329
"a H",329
"sib",328
"i i",328
"ach",327
"ald",327
"bra",326
"l k",325
"kda",325
"yaw",325
"ste",324
"im,",323
"lar",322
"pri",322
"uya",319
"Esp",318
"a? ",318
"Abr",317
"ri.",317
"o. ",317
"ral",317
"Bab",314
"rio",314
"nul",313
"yas",313
"Joa",313
"bha",311
"i R",311
" Fi",311
"so,",311
"Aki",311
"na.",310
"ose",310
"tis",309
"ig.",308
"nik",308
"akd",308
"gpi",308
"Fil",308
"niw",307
"te,",307
"pig",306
"muh",306
"eba",306
"kta",306
"aim",305
"gki",305
"ror",305
"akt",305
"ag,",305
"udi",304
"run",302
"mig",302
"no,",302
"; h",301
"ida",300
"go,",300
"-ba",300
"t y",299
"gar",299
"y S",299
"vit",299
"pha",298
"pa'",297
"son",297
"akl",297
"ob,",297
"usi",296
"em ",295
"bus",294
"isu",294
", t",293
"io,",293
" Pe",292
"n h",292
"i Z",292
"huh",292
"l: ",291
"ae,",290
"g B",290
"tor",290
"; i",289
"ghe",289
". S",288
"ok,",288
"th,",288
"oo,",287
"heo",286
"os;",286
"hik",284
"uin",283
"Kan",283
"id.",282
"rar",282
" Me",282
"tir",281
"rao",281
"y D",281
"ere",280
"hia",280
"ngs",280
" Mi",279
"der",279
" uk",279
"t: ",278
"paw",278
", G",278
"og,",277
"Bet",277
"pe ",277
"eon",277
"nog",277
"auu",276
"sai",276
"oth",274
"dla",273
"agn",273
"ngd",273
"iel",273
"Bak",272
"k; ",272
"b s",272
"bit",271
"Abi",271
"i t",271
"Ben",271
"ta;",269
"u n",268
"nya",268
"ora",268
"osa",268
"bad",267
"th-",267
"glu",266
"ame",265
" ub",265
"ugu",265
"ul ",265
"i G",264
"poo",264
"edr",264
"esp",263
" ii",262
"dro",262
"oo'",261
"n t",261
"pab",261
"mik",261
"aw.",260
"d; ",260
"ag-",260
"th ",260
"mut",259
"biy",258
"i F",258
"imi",258
"oot",258
"nuk",257
"ao'",257
"ayr",257
"yro",257
"lid",255
"kis",255
"sue",255
"abl",255
" Ar",254
"ngn",254
"lo.",254
"Jor",254
"aup",254
" Ku",254
"nip",254
"ksi",253
"tim",253
"tam",253
"gdi",252
"aib",252
"dul",252
" Ac",251
"era",251
"pol",250
"uel",250
"kba",249
"i L",248
"don",248
"aks",248
"it.",247
"ipu",247
" Ti",246
"bug",245
"kid",244
"a e",244
"ggu",243
"lii",242
"eli",242
" It",242
"ion",242
"mum",241
"aph",241
"adu",241
"g H",240
"ra,",240
"oy,",237
"o l",237
"igo",236
"tii",236
"aia",236
"as;",235
"ak;",235
"klu",235
"uot",234
"uks",233
"ele",233
"Nga",232
" Ep",232
"ao.",231
"er ",231
"to?",231
"akp",230
"umb",229
"dai",229
"; m",228
"i h",228
"mpo",228
"u, ",228
"ta:",228
"el;",227
"eri",227
"ti,",226
"in?",226
"lda",226
"kpa",225
"Eph",225
"o d",224
"hap",223
"m; ",223
"g G",223
"Oo,",223
"phr",223
"osu",223
"ha,",222
"mbi",222
" ab",222
"eph",221
"or ",221
"rda",221
"ay-",221
"a T",219
"i l",219
"Upa",219
" Ra",218
"idl",218
"al.",218
"Ach",218
"emi",218
"g-b",216
": m",216
"uut",215
"mug",215
"anh",215
"iku",214
"ngm",214
" te",214
"ng:",213
", T",213
"yah",213
"iib",213
"aap",212
" Ta",212
"war",212
": h",212
"tik",212
"hra",212
"wai",212
"ldu",212
"opa",211
"g-a",210
" oo",210
"Iyo",210
"k: ",209
" La",208
"y C",208
". N",208
"ab,",208
"sa.",207
"zar",207
"imo",207
"was",206
"did",206
"yak",206
"seo",205
"o t",205
"mot",205
"om,",205
"Gal",205
"imb",204
"p k",204
"lai",204
"klo",204
"dia",204
"igh",204
"emp",204
"li.",203
"bao",203
"d d",203
"-lo",203
"ilu",202
"d: ",202
"i O",202
"ol,",201
"Mar",201
"aaa",201
"pa;",200
"tem",200
"mil",199
"h n",199
"mpl",199
"nso",198
"el:",198
"n b",198
"rde",198
"blo",198
"god",197
"; g",197
"ko:",197
"ko;",197
"l d",197
"uru",197
"mel",197
"Moa",197
"his",197
"plo",197
"tuy",196
"ia.",196
"Nab",196
" Ne",196
"wa:",195
"old",195
"are",195
"waw",195
"aza",195
"ik,",195
"duk",195
"msa",195
" Ik",195
"suo",195
"men",195
"wa;",194
"g-l",193
"enj",193
"; u",192
"che",192
"nur",192
"igm",192
"mus",191
"aa ",191
"igl",191
"bba",191
"Tun",190
"i T",190
"ich",190
"n i",190
"ray",190
"leo",190
"bur",190
"kub",190
"m: ",189
"r a",189
"? s",189
"abb",189
"sah",188
"Wal",188
"mbo",188
"nut",188
"sda",187
"mo.",187
"h a",187
"? a",186
": d",186
"kor",186
"oo ",186
"ot.",185
"p m",185
"kur",184
" us",184
"mia",184
"aig",184
"ksa",183
"da.",183
"nja",183
"jam",183
"May",182
"Sim",182
"rir",181
"rii",181
"bol",180
"-aa",180
"i d",180
"San",180
"o h",179
" Ah",179
"Pab",179
"e; ",178
"nop",178
"; d",177
"ubh",177
"ig;",177
"asn",177
"sau",177
"nii",177
"Can",176
"tom",176
"Asi",175
"ka.",175
"on?",175
"kuh",175
"ki ",175
"er,",175
"ayu",175
" Za",175
" Ez",175
"esi",175
"mha",174
"as:",174
"-da",174
"obo",173
"gus",173
" Su",172
" Re",172
"Baa",172
"kop",172
"em.",171
"aac",171
"oam",171
"uyo",170
"Ped",170
"mi,",169
"ga.",169
"wi ",169
"o't",169
"tih",169
"loy",169
"sno",169
"kom",169
"ikl",169
"yat",169
"rol",169
"Jon",169
"g o",168
"the",168
"dom",168
"agy",167
" Ch",167
": g",167
"ede",166
" Ad",166
"uar",166
"rem",166
"bok",165
"atn",165
"at;",165
"g-d",165
"ap,",164
"lec",164
"ar ",164
"Han",164
"Sio",164
"hub",163
"her",163
"Dan",163
"is.",163
"ubl",163
"bli",163
"boa",163
"iit",162
", D",162
"aam",162
"hem",162
"lea",162
"baa",162
"tri",161
"waa",161
"am.",160
"ai,",160
"uhi",160
"ak:",160
"k m",160
"ela",159
"hug",159
"ime",159
"Sir",159
"aad",159
"wad",159
"aag",158
"lir",158
" Ng",158
"y E",158
"ais",158
"nus",158
"mis",157
"Sum",156
"bsa",156
"Heb",155
"bog",155
"mmo",155
"mue",155
"igk",155
"kuw",155
"aum",154
"a R",154
"cri",154
"ue ",153
"pa:",152
"c, ",152
"sa;",151
"day",151
"aip",151
"ngt",151
"a o",151
"sii",151
"sog",151
"s d",150
"i u",150
"odo",150
" Co",150
"Buk",149
"ras",149
"aw;",148
"ena",148
"ado",148
"bo.",148
"Dah",147
"diw",147
"bar",147
"i g",147
"Amm",147
" tr",147
"rob",147
"so.",146
"Kat",146
"Mak",146
"yo?",146
"ma;",145
"mor",145
"ai ",145
"los",145
"rig",144
"aak",144
"hip",143
" ra",143
"ri;",143
"ad.",143
" aw",143
"suc",143
"ucr",143
"id;",142
"Ay ",142
"tok",142
"ar,",142
"yun",142
"Eze",142
"ti.",141
"it;",141
"; p",141
"kua",141
" po",141
"zec",141
"deo",140
"Lah",140
"na;",140
"suu",139
"agg",139
"siw",139
"Nag",138
" Ce",138
"ube",138
"bia",138
"Jua",138
"wik",137
" So",137
"y B",137
"pau",136
"g T",136
" Oo",136
"ag.",135
": A",135
"ggo",135
"wil",135
"anl",134
"ba'",134
"Cal",134
"; b",134
"ebr",134
"ay?",134
"mip",133
"od.",133
"ib ",133
"ota",133
"guu",133
" Bu",132
"ma:",132
"al;",132
" Li",131
"Har",131
"na:",131
": b",131
"se ",131
"Asa",131
" Pi",130
"dur",130
"ya?",130
"leb",130
"lua",130
"lio",129
" Gi",129
"s. ",129
"Amo",129
"or,",129
"gug",129
"ile",129
"nha",129
"dap",128
"wat",128
"kia",128
"les",128
" no",127
" Ed",127
"a N",127
": p",127
"uun",127
"es.",126
"Mga",126
"hi,",125
"w; ",125
"ke.",125
"i U",125
"sub",125
"pu ",125
"h D",125
"Sel",125
"sdi",125
"i. ",124
" Tu",124
"nos",124
"ob.",124
"iah",124
"osd",124
"gos",123
"oli",123
"cio",123
"-ar",123
"gai",123
"ul,",122
"amh",122
"aky",121
"kya",121
"gi,",121
"alm",121
"ayp",121
"Sar",119
"ial",119
"m k",119
"oy.",119
"sat",119
"nie",119
"ypa",119
"l m",119
"sad",118
"d m",118
"van",118
"eo.",118
"guy",118
"it:",118
" or",118
"; o",118
"Ahi",118
"sor",118
" Ph",117
"orr",117
"nir",117
"gol",117
"n y",117
"emo",117
"doc",117
"eel",116
"asd",116
"eda",116
"miw",116
"que",116
"ibh",116
"tu,",116
"Din",115
"u a",115
"hun",115
" id",115
"Bal",115
"das",115
"thi",115
"wis",114
" Th",114
"hos",114
"ema",114
"mda",114
"eze",113
"ade",113
"usp",113
"gua",113
"amd",113
"gho",113
"bi.",112
"Map",112
"n o",112
"id:",112
"msu",112
"uus",111
"op,",111
"gni",111
" Az",111
"neo",111
"ane",111
"esa",111
" Bi",111
"opo",111
"Mic",111
"yua",110
"at:",110
"aii",110
"Jeh",110
"gui",110
"aay",110
"eto",110
"oso",110
"gle",110
"iso",109
", y",109
"ea,",109
