"lar",31991
"ler",21108
"arı",20408
"eri",16460
"in ",16063
"an ",15310
" ya",14628
"ın ",14091
"en ",13583
" bi",12906
"ını",12668
"rın",12060
" ka",11610
" ve",10912
"nla",10376
" de",10149
"da ",9927
"rin",9566
"na ",9562
"ini",9379
"ara",9358
"ile",9344
"bir",9290
" ol",8883
"nde",8710
"de ",8566
"nda",8545
"anı",8281
"nın",7887
"edi",7840
"den",7789
"le ",7751
"er ",7694
" ge",7594
"aca",7594
"aya",7513
"n b",7513
"ece",7493
"dan",7313
"ne ",7300
"ir ",7210
"ni ",7125
"rı ",7079
"eni",6998
" ba",6950
"yor",6914
"ve ",6905
" gö",6887
"RAB",6868
"n k",6822
" ‹‹",6714
" sa",6449
"ar ",6448
" bu",6315
"cak",6294
"ağı",6282
"ınd",6252
"nı ",6090
"a, ",6082
"ına",6036
" iç",6010
"sin",5999
"yle",5960
"adı",5954
"ine",5948
"kla",5930
"n, ",5911
", ‹",5882
" on",5878
" di",5856
"ak ",5827
"unu",5685
"r, ",5674
"lan",5668
"sın",5652
" ha",5637
"n s",5616
" da",5606
"ada",5539
"içi",5518
"la ",5503
" gi",5467
" ku",5436
"ıla",5413
"ere",5396
"a b",5393
"e k",5365
"un ",5339
" RA",5334
"çin",5281
"i, ",5210
"ek ",5195
"ala",5182
"e b",5152
"ya ",5118
" gü",5110
"› d",5075
"kar",5060
"ind",5049
"anl",5039
"ana",4998
" se",4967
"ard",4956
"alı",4955
"ken",4898
"e d",4896
"ri ",4859
"a k",4846
"ün ",4835
"›› ",4791
" ye",4774
"n y",4763
" be",4730
"ası",4721
"end",4707
"esi",4690
"a d",4663
"ola",4658
" ke",4647
"cek",4597
"ver",4545
"ndi",4526
"ığı",4494
" ki",4473
"sun",4470
"yan",4463
"anr",4449
"nrı",4449
"ama",4424
"Tan",4404
"n a",4401
"e y",4384
"iği",4341
" Ta",4339
"diy",4337
"n d",4324
"ayı",4303
"ra ",4262
"ğın",4208
"a g",4190
"ili",4173
"öyl",4147
"eği",4134
"eli",4121
"n g",4102
"rdi",4101
"di.",4094
"ele",4090
"ral",4088
"erd",4083
"e g",4051
" ta",4035
" ko",3964
"nle",3935
"nız",3907
"iyo",3902
"ye ",3879
"ede",3864
" so",3837
"dı.",3787
"ma ",3768
"kle",3736
"eye",3735
"e s",3720
"e, ",3714
"ki ",3683
"nu ",3672
" al",3645
"iye",3644
"a y",3622
"yap",3596
"alk",3582
"gün",3580
"rdı",3564
"bil",3562
"iri",3560
"gel",3533
"r. ",3514
"eme",3505
" İs",3481
" su",3456
"ı, ",3431
"nin",3414
"rla",3410
"i k",3376
"i b",3374
"akl",3367
"nun",3357
"n o",3355
"k, ",3347
" ar",3316
"san",3298
"onu",3275
"gör",3260
"ded",3256
"tan",3251
"niz",3240
"ulu",3227
"man",3206
"rak",3189
"ula",3182
"len",3160
"lik",3143
"im ",3141
", b",3127
"yer",3126
"ar.",3106
"rle",3067
" he",3065
"ben",3042
"dil",3040
"lla",3031
" yü",3030
"rdu",3013
"kal",2999
"ail",2996
"ısı",2995
"i y",2965
"ABb",2942
"tün",2923
"hal",2909
" ad",2907
"i g",2899
"uğu",2894
"may",2883
" bü",2879
" do",2879
"dır",2877
"a s",2842
" Ya",2838
"tir",2830
" sö",2812
" yo",2782
"er.",2780
"bin",2775
"n i",2772
"n h",2751
", k",2730
"lık",2720
"sen",2714
"sra",2703
"erl",2696
"ğin",2693
" kı",2693
"izi",2688
"ık ",2681
"rai",2679
"der",2676
"İsr",2674
"ılı",2670
"aba",2658
".››",2656
"aşa",2651
" oğ",2634
" ed",2610
"AB ",2605
"ütü",2601
"üze",2592
"rde",2592
"eti",2590
"siz",2582
"onl",2580
"ıp ",2572
"dir",2563
"yla",2560
"din",2559
"r k",2556
"n ö",2550
"apı",2522
"m, ",2507
"kü ",2498
"ız ",2492
"ldu",2488
"re ",2488
"ünk",2482
"nkü",2481
"baş",2481
" si",2462
"yar",2457
"lu ",2454
"eyi",2443
"ı k",2442
" et",2437
" du",2434
"li ",2433
"zer",2424
"old",2424
"a o",2423
". B",2413
"lma",2413
"ldı",2403
"kur",2401
"iz ",2399
"i d",2398
"dın",2389
" an",2387
"i s",2386
"du.",2370
"ı. ",2356
"tti",2356
"e o",2349
"enl",2342
"inl",2341
" ne",2332
"ibi",2329
"kın",2328
"ünü",2319
"ı y",2316
"diğ",2316
"lac",2315
"i. ",2304
"ı b",2301
"ban",2299
"Çün",2297
"arş",2295
"ünd",2287
"çık",2287
"var",2276
"i a",2267
"ğlu",2267
"rşı",2262
"e a",2260
" öl",2258
"te ",2257
" va",2233
"ekl",2223
"sa ",2217
"a a",2213
"isi",2207
"lin",2206
"and",2200
"n e",2184
"ği ",2179
"mey",2172
"lay",2171
" üz",2170
"k i",2165
" çı",2163
"kte",2162
"ğı ",2158
"una",2153
"say",2152
" ön",2152
"işi",2144
"Bbi",2141
"lkı",2141
"yac",2138
"mak",2137
", s",2123
"gib",2123
"mek",2122
"r b",2109
" On",2108
"yak",2108
"oğl",2104
" dö",2102
"eki",2098
"oru",2096
" Ye",2094
"al ",2082
" dü",2078
"ip ",2075
"ce ",2071
"lı ",2054
"yaş",2051
"imi",2038
"zle",2033
", y",2032
"di ",2032
"rek",2027
"ımı",2024
"ldi",2020
"ğim",2012
"ürü",1997
"aşı",1995
"uru",1989
"ize",1982
"büt",1967
"und",1967
"unl",1964
"irl",1964
"ğım",1963
"her",1961
"ord",1948
"ak.",1944
"ald",1943
"ze ",1935
"r y",1919
"ıra",1918
"rke",1916
"ötü",1905
"arl",1904
" il",1902
"sal",1897
"usu",1896
" ay",1890
"rda",1889
"evi",1889
"lil",1888
"tla",1887
"ı s",1886
"si ",1886
" bo",1884
"avu",1882
"bu ",1880
"rma",1878
"oğu",1874
"ull",1872
" to",1869
"dek",1867
"ndı",1854
"kra",1851
"apt",1849
" or",1848
"rme",1848
"r d",1834
"n v",1829
"rli",1827
"ı a",1826
"i o",1821
"olu",1810
"son",1810
"şla",1809
"ran",1804
"ceğ",1802
"ent",1796
"ptı",1794
"am ",1788
"bi ",1778
"nca",1768
"amı",1766
"n ü",1764
"ı g",1762
"lim",1761
"ley",1757
"kad",1757
"er,",1756
"üle",1752
"duğ",1747
"ı d",1747
"ırı",1736
"ste",1735
"yüz",1733
" in",1727
"k b",1727
"lun",1722
"ok ",1717
" ça",1715
"lec",1712
"r a",1709
"Kra",1708
" at",1707
"İsa",1702
"lam",1700
"rec",1697
"im.",1696
"n t",1694
"dam",1692
"onr",1691
"nra",1691
"yec",1690
" sü",1689
"ata",1688
"ıyo",1682
"cağ",1682
"nce",1682
"mış",1680
"önd",1676
"k v",1674
" el",1674
"ir.",1671
"tın",1669
" kr",1669
"k e",1667
"il ",1663
"‹‹B",1662
"lad",1658
"şma",1657
"rad",1654
"nün",1651
"yi ",1645
" kö",1644
"a v",1644
"tır",1640
"m. ",1638
"dığ",1633
", a",1632
" ço",1630
"uşa",1629
"üre",1628
"ı o",1628
"ar,",1624
"doğ",1610
"u k",1606
"ır.",1603
"rım",1602
"k k",1601
"lığ",1600
"kes",1600
"aha",1597
"k s",1593
"k o",1590
"sı ",1590
"ura",1590
"ak,",1588
"dur",1588
"tar",1588
"emi",1583
"Ama",1583
"r s",1582
"Bu ",1572
"ren",1568
"şle",1568
"ild",1567
"oyu",1566
"ıkl",1564
" te",1564
"iyi",1560
" yı",1558
"a i",1558
"uts",1557
"top",1551
"all",1545
" Ba",1542
"tsa",1541
"n ç",1540
"ett",1536
"atı",1529
"ird",1525
"önü",1521
" Çü",1519
"ten",1518
"r g",1514
"ikt",1514
"aki",1511
"akı",1509
"ki,",1509
"a ç",1507
"zi ",1505
"ım ",1503
"rum",1499
"tı.",1497
"ik ",1494
"di,",1486
"akt",1484
"Ben",1483
"inc",1480
"ona",1480
" is",1476
" Sa",1469
"şın",1467
"tin",1465
", Y",1463
"rdü",1460
"k y",1460
"n R",1457
" çe",1457
"lın",1451
"Yah",1449
"in.",1446
"kiş",1444
"n. ",1442
"uyu",1441
"ist",1441
"et ",1440
"lke",1437
"e v",1436
"ızı",1434
"Bun",1433
"ı v",1429
"söz",1428
"dak",1422
"ava",1419
"düş",1418
"nsa",1414
"ktı",1413
" sı",1412
"Yer",1410
"yok",1408
"kan",1408
"tme",1407
"ük ",1406
" Bu",1405
"miş",1405
"men",1400
"laş",1399
"yı ",1397
"ı i",1396
" iş",1396
"bul",1394
"zün",1394
"yük",1392
"ıyl",1389
"lir",1379
"k. ",1378
"erk",1377
"ağl",1377
"ray",1375
"mad",1372
"imd",1367
"ın,",1365
"i i",1363
"ğul",1358
". O",1357
"u y",1352
"yıl",1350
"e i",1347
"ın.",1347
"ha ",1345
"sır",1345
"yun",1343
" yi",1341
"değ",1340
"sür",1337
"in,",1335
"pın",1335
" şe",1333
", o",1333
"an,",1331
"n T",1330
"nan",1328
"öre",1322
"etm",1318
"ali",1318
"ım.",1317
"geç",1312
"rıy",1312
"ahu",1310
"rta",1308
" Da",1308
"u s",1304
"aka",1304
"r o",1300
"uda",1300
" Ha",1300
" Kr",1300
"ırd",1299
"z, ",1296
"kıl",1295
"nli",1293
"ülk",1292
"ğun",1291
"hud",1291
"aşl",1290
" şö",1288
"se ",1288
"Onu",1284
" za",1284
"apa",1281
"ca ",1280
"ğu ",1277
"mi ",1274
", A",1271
"ksı",1271
"ıka",1271
"ağa",1270
"yen",1268
"ştı",1267
"kta",1265
"alt",1265
"rac",1263
"ora",1253
"get",1253
". A",1252
"mal",1248
". Ç",1246
"ire",1246
"ıl ",1245
"hin",1245
"şöy",1244
"dür",1243
"tle",1240
"aks",1240
"a e",1238
"ek.",1238
"ldü",1236
"ger",1234
", g",1230
"mız",1230
"yol",1227
"üzü",1218
"acı",1218
"riy",1218
"iki",1217
"ekt",1217
" ağ",1216
" Be",1215
"urd",1214
"rim",1214
"üne",1213
"ğru",1213
"ras",1211
"e t",1210
"nci",1209
"ti.",1208
"med",1202
"nü ",1197
"ukl",1194
" bö",1194
"ber",1187
"ikl",1185
"dön",1183
"öld",1181
" tu",1181
"olm",1180
"sev",1179
"uya",1178
"zin",1178
"led",1177
"söy",1172
"u, ",1171
"en,",1169
"dik",1166
"bağ",1166
"i v",1165
", K",1165
"dim",1162
"ölü",1161
"lus",1161
"mı ",1160
"on ",1158
" uy",1157
"run",1154
"lli",1154
"ek,",1153
" hi",1153
"urt",1150
"şey",1148
"uza",1145
"r v",1144
"rıl",1139
"azı",1138
"a t",1138
"ltı",1137
"yma",1137
". K",1134
" Am",1132
"vut",1130
"ret",1129
"?››",1129
"or ",1128
"nağ",1128
"üyü",1127
"şti",1126
"Dav",1122
"Ken",1121
"u. ",1117
"a h",1117
"bun",1116
"nim",1115
"e h",1109
"i t",1107
"dıl",1107
"yin",1106
"liğ",1106
"mde",1105
"vin",1105
"min",1104
"kim",1104
", S",1104
"ter",1102
"dım",1102
"duy",1097
"zde",1095
"kap",1094
"ümü",1094
"pla",1093
"tıl",1093
"na,",1093
", B",1090
" me",1088
"sa,",1088
"kon",1088
": ‹",1085
"ğla",1083
"l, ",1083
"buy",1081
"şal",1079
"nma",1078
"oğr",1077
"ta ",1075
"ill",1075
"yın",1075
" ik",1074
"ril",1072
" Ke",1072
". S",1071
"a ö",1068
" ül",1068
"lme",1067
"gem",1065
", e",1065
"kul",1064
"asa",1063
"gön",1062
", d",1061
"miz",1061
"u b",1061
"r ş",1060
"zam",1060
"ey ",1056
"öne",1053
"deş",1053
"kut",1048
"aşk",1046
"şı ",1046
"biz",1041
"özü",1039
"sar",1031
"mın",1028
"e ö",1027
". Y",1025
", h",1024
"mas",1022
"opl",1019
"gid",1017
" mi",1016
"mel",1015
"eru",1014
"usa",1014
"mla",1013
"dah",1013
"ıkı",1011
"ins",1009
"özl",1009
"izl",1008
"ilg",1008
"ğre",1006
"sla",1003
" ev",999
"idi",998
"nya",996
"z. ",995
"nah",993
"u a",992
"Onl",992
"şıl",992
"rsu",992
"el ",991
"tek",990
"ış ",990
"u g",989
"e e",987
"dis",985
"çek",984
"şay",982
" pa",982
"t e",982
"örü",979
"işl",978
"tur",978
"tal",973
"rı,",972
"be ",972
"tür",972
"ide",972
"e ç",964
"i h",962
"ksi",960
"kma",958
"rıs",958
"me ",957
"Her",957
"âhi",956
"sız",955
"üna",954
"çok",953
"lem",953
"im,",953
"iya",953
"a ş",951
"uta",950
"git",948
"eşi",946
"irm",946
"at ",945
"k a",944
"ene",943
"anm",943
"a R",943
" He",942
"uk ",939
" Me",939
"eks",934
", T",933
"dar",931
" iy",930
"ğır",930
"rün",928
"sor",923
"köt",922
" ul",919
"k d",915
"ğil",909
"nuz",903
"iyl",902
"mağ",902
"Sen",902
"abi",902
"ut ",902
"utu",901
"tığ",900
"ttı",899
"ıkt",898
"att",897
"par",897
"da,",896
"sav",895
"tap",895
"ınc",894
"yal",894
"liy",892
"k g",890
"ız.",889
"eld",889
"orl",888
"kız",886
"zı ",884
"ırl",883
"ors",883
"büy",882
"ruş",882
"tık",881
" Ka",881
"rsa",880
"ş o",879
"zla",877
"r.›",877
"Son",876
"boy",872
"u o",870
"tut",869
"lk ",868
"up ",868
"ıld",867
"ram",867
"r i",867
"mes",860
"lak",860
"uzu",858
"ntl",858
"iş ",857
" Şe",856
"i ö",855
"Mus",852
"ocu",851
"Rab",848
" Ku",847
"Bir",847
"or.",845
"uyo",845
", i",844
"yür",843
"kor",840
"yim",840
"esl",838
"ılm",837
"maz",837
"ilm",835
" uz",835
" pe",835
"mez",834
" Se",834
"‹‹S",833
"net",833
"lge",831
"lıl",830
"!››",829
" öğ",827
" ot",825
"zın",825
"şi ",824
", R",824
"eke",822
"ira",821
" Ra",820
"iz.",819
"tiğ",817
"ila",815
" aç",815
"yağ",814
"di:",814
", İ",813
"nlı",812
"ınl",811
"ka ",809
"işt",807
"ı ç",807
"yay",807
"r t",807
"ers",806
"aml",805
"n u",802
"Bbe",801
"ses",799
"or,",798
"şin",795
"dec",794
"umu",793
"arm",793
"göz",792
"u d",792
"cı ",790
"vaş",790
"za ",788
"itt",787
"Bab",787
"Siz",786
"ah ",783
"evl",783
"soy",782
"z b",780
"ülü",779
"de,",778
"kti",775
"şka",775
"suz",775
"ya,",774
"ıya",773
"şam",770
"nak",770
" ak",770
"t, ",770
"erm",766
"örd",762
"lat",762
"ayr",762
", H",762
"ü b",760
"üğü",760
"ışı",759
"kin",758
"a u",758
"tül",758
"dü.",757
"ı t",757
"ızl",755
"z k",749
"tun",749
"su ",747
" şu",747
"lul",747
"alm",745
"nme",745
"aşt",745
"Mıs",745
"rul",745
"bas",744
"kır",744
"Böy",743
"til",741
"eçi",741
"ru ",738
"ahi",738
"rar",738
"pra",737
"taş",737
"mbe",735
"uyr",730
"yru",730
" Yo",729
" Si",728
", O",728
"şar",727
"usl",726
"n İ",724
"uz ",723
"ydu",720
"açı",718
"aza",718
"ime",718
"koy",717
"ayl",717
"otu",716
"bab",714
"‹‹K",712
"ışt",712
"nac",712
"um.",711
" o ",711
"sağ",711
"ydı",710
"ur ",710
"ürd",710
"amb",710
"yur",709
"ım,",709
"lle",708
" er",708
"n m",707
"Ey ",707
"ünc",706
"nti",706
" am",706
"van",705
"unc",705
"ul ",705
"rse",705
"day",705
"Ege",705
"sil",704
"hay",703
"ars",703
"hla",703
"m k",702
"çal",702
"mse",702
"lde",701
"cuk",699
"sıl",698
"ırm",697
"i: ",697
"öğr",697
"n Y",696
"ahl",696
"kil",695
"ete",695
"ğa ",694
"çoc",694
"l o",693
"ork",693
"hiç",692
"AB,",692
"utl",692
"kı ",692
"kel",691
"gir",690
"ıma",687
"‹Bu",686
", M",685
"yas",685
"opr",683
"bal",683
"ay ",682
"kay",681
"nç ",681
"ols",680
" Bi",678
"B, ",677
"ayd",676
"yga",672
"gam",670
"giy",669
"ant",668
"hep",666
"eyg",666
"ell",665
"mle",664
"ci ",663
"m››",663
"ims",662
"çev",662
"üşü",662
"kâh",661
"izd",660
"i e",660
"aşm",660
"m b",659
"met",659
"‹‹E",658
"dol",657
"l k",657
"leş",656
"u i",655
"e u",654
"ydi",654
"eşl",654
"cıl",654
"çla",653
"lüm",653
"yiy",650
"böl",650
"mam",649
"öle",649
"m e",647
"r m",645
"p b",645
"üst",644
"n n",643
"ese",643
"mda",642
"lda",642
"Mes",642
"aş ",640
"ndü",638
" El",638
"z d",636
"ır ",636
"sih",636
"ur.",635
"kım",634
", t",633
"lük",632
"nım",630
" Mı",629
"hak",627
"dem",625
"etl",625
"ıyı",625
"üz ",622
", D",621
"m s",620
"dı,",620
"rtı",620
"m.›",619
"oku",619
"ı ö",619
"ti ",617
"yat",616
". ‹",616
" Ma",616
"dağ",615
" Mu",615
" Eg",613
"klı",612
"dal",609
"dün",609
"llı",609
". İ",608
", ö",608
"k ü",607
"yed",606
"psi",605
"p k",605
". H",605
", G",605
"zar",605
"ra,",604
"sle",604
"Yak",604
"nı,",602
"ü k",602
" oy",602
" as",601
"bak",600
"e Y",600
"kat",600
"lıp",599
"lur",599
"yık",599
"eş ",598
"ned",596
"um ",594
" Ne",594
"üyo",594
"m o",593
"luğ",592
", ç",591
"ş, ",591
"atl",591
"luk",590
"apm",590
"eps",590
"ır,",589
"ery",588
"yrı",588
"ir,",588
"Ne ",588
"r: ",588
" O ",587
"mdi",587
"ğer",587
"şte",586
"dık",586
"se,",583
" mı",583
"‹‹Y",581
"kuş",581
"kme",581
"lsu",579
"‹‹İ",579
", E",579
"nıt",579
"Büt",579
"i ç",578
"lgi",578
"tı ",576
"em ",576
"dul",575
"oym",574
"tü ",573
"iys",572
"nt ",572
"çağ",571
"yaz",571
"n››",570
"lek",569
"rat",568
"eza",568
"müş",568
"ahı",567
"rba",567
"güç",567
"bel",566
"bır",566
"üce",566
" ek",565
"rev",564
"ünl",563
"r››",563
"l h",558
" kâ",558
" ce",558
"şun",557
"p o",556
"lis",556
"ışl",556
"zan",555
"ruk",555
"yva",554
"üşm",554
"nar",553
"şan",552
"dı ",552
" na",552
"ven",552
"tul",550
"nuş",550
"r h",549
"mut",549
"yet",548
"nen",547
"ale",547
"un.",545
"rlı",545
"ner",545
"ür ",545
"art",545
"dav",544
"ızd",544
"oğa",543
" ca",542
"ü o",542
" bı",542
"muş",542
"fke",541
"tli",539
"z y",538
"evr",538
" kü",537
"akm",537
"ü y",537
". T",536
"red",536
"z o",536
"rsi",535
"kıp",535
"kse",534
"tem",533
"cel",533
"rah",532
" mu",532
"lü ",531
"üve",531
" Gü",531
"fen",529
"pma",528
"eyt",528
"nas",528
"kem",527
" So",527
"yem",526
" yö",526
"anc",526
"mem",522
"üp ",522
"let",521
"zda",521
"iml",520
"lah",520
"eşt",519
"ı h",519
" üç",517
" ma",516
"Şim",515
" tü",514
"üçl",513
"ştu",512
"iti",512
"kir",512
"haz",511
"n.›",510
"zıl",510
"sta",508
"z R",508
"sel",506
"‹‹A",506
"p y",506
"çti",506
"ela",506
" es",506
"lıy",505
"nır",505
"tac",504
"içe",504
"uhu",503
"ri,",503
" Ar",502
"rab",502
"tma",501
"ü, ",500
"Tap",500
"u v",499
"nne",499
"r e",499
"çir",499
"m d",498
"ne,",498
"Kut",498
"oks",497
"avl",497
"Ona",496
"yön",496
"n K",496
"B b",495
"m g",494
". D",493
"enc",493
"rül",493
" öt",492
"udu",492
"nut",492
"gil",492
"le,",491
"tes",491
"ker",490
"Har",490
"un,",489
"can",489
"ükl",489
"avr",489
"tak",489
"cil",488
"nsu",488
"pey",488
"ayv",487
"sur",487
"lip",487
"şu ",487
"ıcı",487
"e R",486
"üny",485
"rir",485
"lka",485
"eve",485
" ey",485
"uşt",484
"kaç",484
"pıl",484
"mir",483
"i u",483
"dip",482
"Hal",482
"öst",481
"n p",481
"ima",480
"göt",480
"ıtl",479
"San",478
"böy",478
"p g",478
" öv",478
"ört",475
"enm",475
"suç",475
"gös",474
"rmi",473
"tah",473
"Gün",472
"ı R",472
"aku",472
" öf",471
"öfk",471
"kli",471
" uğ",471
"ü g",470
"m i",470
"nul",470
"rıp",469
"vle",469
" Ge",469
"ncı",468
"ıda",468
"sün",467
"kup",467
"ise",466
" Av",466
"arg",466
"m v",465
"ni,",465
"Kar",464
"l b",464
"ücü",464
"ruy",463
"teş",463
"key",462
"ü. ",461
"ıza",461
" Pe",460
"ıdı",460
"çbi",459
"vra",459
"t o",459
"ca,",459
"Yeh",459
"lmı",458
"içb",458
"ane",458
"ons",458
"a K",457
"gök",456
"enç",456
"yil",456
"Eli",455
"uğr",455
"e ş",455
"es ",455
"ğan",454
"aul",454
"İns",452
"bür",452
"eğe",452
"tiy",452
"sul",451
"tim",451
"rt ",451
"eçe",451
"çer",451
"u h",451
"ndu",450
"erç",450
"üzd",450
" eş",450
"a n",449
". E",448
"rçe",447
"şiy",447
" ac",446
"m y",445
"güv",445
"pan",445
"az ",445
"uz.",445
"ü s",444
"ğıy",444
"Lev",444
"t b",443
"ark",443
"ate",443
"Sau",443
"ğum",441
"gin",440
"ğün",440
". G",440
"e m",440
"e E",440
"yüc",440
"evg",440
"vgi",440
"ilk",439
"miy",439
"zme",439
"ayn",438
". R",437
"sak",437
" şa",436
" Ki",435
", n",435
"stü",434
"‹‹O",434
" ai",434
"eşe",434
" im",434
"rgı",434
"ü d",433
"l y",433
"ce,",433
"omu",433
"abb",433
"önc",432
"url",432
"uyd",431
"k.›",431
"l s",431
"irs",429
"urm",428
"sek",428
"yım",428
"zen",428
"liş",427
"‹Be",427
"‹‹ ",426
"‹ ‹",426
"zü ",425
"t k",425
"zak",425
"ı: ",424
"dül",424
"ğlı",424
"ari",424
"üçü",423
"ı e",423
"bi,",423
"r ç",422
"Öyl",422
"n M",421
"z s",421
"iz,",421
" Ru",420
"res",420
"vre",420
"ryü",418
" öz",418
"ina",418
"ani",416
"üç ",416
"ngi",415
"p d",415
"ysi",415
"nus",415
"eyd",415
"a İ",415
" Le",414
"üks",413
"‹Ya",413
"p s",413
"iç ",413
"Baş",412
"ağ ",412
"izm",412
"kiy",412
"aru",412
"il,",411
"şün",411
"dey",411
"ölg",410
"a Y",409
"hoş",409
"t i",409
"eyl",409
"urb",409
" mü",408
"yab",407
"ast",407
"şıy",407
"vlu",407
"‹Ba",406
"ser",406
" üs",405
"‹‹H",404
"abe",404
"çle",404
"yıp",403
",  ",403
"ç k",403
"nmı",402
"ova",402
"ntı",402
"luy",401
" Gö",401
"e İ",401
"ktu",400
"l a",400
" An",400
"öz ",400
"u Y",399
" şi",399
"u t",398
"im›",398
" pu",398
"şim",398
"a M",398
". Ö",398
"ız,",398
"lel",397
"rem",396
"Şey",396
"yır",394
"han",394
"ez ",393
"ney",393
"dör",392
" Gi",392
"t v",391
"lum",391
"tas",390
"zel",390
" ze",390
"kac",390
"m a",389
"nes",389
"rsı",388
", Ç",388
"ş b",388
"nel",388
"are",388
"la,",387
"düğ",386
"ena",386
"şit",385
"gen",385
"kek",385
"e T",385
"ebi",385
"vun",384
"vir",383
"r Ş",383
"r; ",383
"ami",382
"zey",382
"us ",382
"üm ",382
"nec",381
"k t",379
"Ara",379
"ysa",379
" Ah",379
"cü ",378
"i m",378
"lmi",378
"ırt",378
" çö",378
"hiz",378
"hem",377
"‹‹R",376
"‹RA",375
"udi",375
"z i",375
"tik",374
"les",374
"oya",374
"bit",373
"vil",373
"dök",373
"‹‹G",372
"it ",372
"dum",372
"ulm",372
"vet",372
"bat",372
"ımd",372
"reğ",371
" en",370
"l e",370
" Şa",370
"n A",369
" Bü",369
" Şi",369
" dı",369
"dış",369
"eho",368
"rip",367
"ket",367
"pay",367
"aln",366
"lnı",366
"ugü",365
"uşm",365
"rtu",364
"kav",364
"lır",364
"vli",363
"aht",363
"şe ",363
"p a",362
"k m",362
"örm",361
"ekm",361
" Hi",361
"bur",360
"kaz",360
"yu ",360
"uş ",360
"um,",359
"ort",358
" Bö",358
" Ad",358
"Ora",358
"n S",358
".› ",358
"Ruh",357
"ü a",357
"ğış",357
"Fil",357
"n?›",356
" iz",356
"öbü",356
"luş",355
"oav",355
"nat",355
"Kim",354
"ökl",354
"e M",354
"Ada",354
"yse",353
"z g",353
"mu ",352
"har",352
"k ç",352
"r R",352
" ho",352
"kıy",352
"ynı",350
"rka",350
"has",350
"dok",349
"duk",349
"yam",349
"ol ",349
"sat",349
"sad",348
"cez",348
"boş",347
"ş y",347
"çlü",347
"lıç",346
"uld",346
"z v",346
"ş a",346
" Fi",346
"sık",346
"stl",345
"Yas",345
"İşt",344
"pac",344
"rer",344
", Ş",344
"nıy",343
" As",343
"as ",343
"kun",342
"iyd",342
"l K",341
"gi ",341
"ürl",340
"n! ",340
"zun",339
"est",339
"sti",339
"n c",338
"val",338
"urs",338
" Su",338
"ırs",337
"rüy",337
"l d",337
"‹Se",337
"› ›",337
" ››",337
"eng",336
"düz",336
"ınt",336
"put",336
"unm",335
"dun",335
" öb",335
"ruğ",334
"Yeş",334
"del",333
"kuz",333
"rus",333
"z a",332
"abu",330
"z.›",330
"rku",330
"rış",330
"bra",330
"oşa",330
"ayi",329
"rey",329
"i ü",329
"Kâh",329
"ke ",328
"nüz",327
"ürm",327
" yu",327
"şak",327
"çün",326
"ond",326
"n E",326
"ğra",326
"him",326
" Yu",325
"şağ",325
"plu",325
"şa ",325
"bah",324
"şek",323
"bed",323
"hat",323
"hav",323
"güm",323
"üş ",323
"noğ",323
"oll",322
"tlı",322
"nçl",322
"beş",321
"n B",321
"elm",321
"riş",321
"Biz",321
"e n",320
" ‹B",320
"yad",320
"ked",320
"seç",320
"İbr",320
"hab",320
"‹Bi",319
" Na",319
"era",319
"rav",319
"sli",319
"Ya ",319
"lış",318
"yip",318
"Sam",318
"lab",318
"ışa",318
"adi",318
"Ban",318
"uçl",318
"du ",316
"t y",316
"n ş",316
" Pa",316
"‹Ta",315
"nem",315
"çar",315
"a T",314
"am,",314
"kom",314
"tte",313
"gıl",313
"etk",313
"bbi",313
"eçt",312
"gec",311
"r u",311
"enz",311
"ş k",311
"köl",311
"ş g",311
"cın",310
"uyl",310
"ı Y",310
"mi?",309
"e z",309
"üşt",309
" ef",309
"Doğ",308
"çme",308
"tam",307
"ur,",307
"Yar",306
"k h",306
"güc",305
"kab",304
"ann",304
"u ö",304
"uma",304
"ruz",304
"atm",303
"oyd",303
"nil",303
"bek",303
"zır",303
"n z",303
"yıs",303
"a m",302
"işa",302
"lu,",302
" öy",301
"Sül",301
"eym",301
"nay",300
"nık",300
"ici",299
"a p",299
"ksu",299
"Yus",299
" la",298
"ğzı",298
"üşe",298
"n!›",298
"rü ",297
"tta",297
"sah",297
"mon",297
"suf",297
"ğe ",297
"ncü",296
"av ",296
"lül",296
"lım",295
"gun",295
"O z",295
"sam",295
"ang",294
