"aa ",14453
"ana",7845
"iya",7821
"yaa",7782
"ssi",6456
"si ",6196
" gi",6118
"oos",6006
"tta",5716
"aag",5609
"idi",5495
"an ",5490
"ntt",5374
"tti",5298
"gaa",5144
"ett",5040
"ai ",5018
" ha",4439
"a g",4376
"aan",4210
"ido",4180
"iis",4166
"iyo",4132
" wo",4093
"iss",4050
"ssa",3989
"tte",3956
"ppe",3938
"na ",3874
"i, ",3874
"ne ",3790
"yo ",3746
"ta ",3719
"a a",3632
"tan",3615
"gee",3599
"pe ",3585
"ara",3565
"kka",3553
" ba",3531
"uwa",3518
"taa",3499
"int",3470
"nne",3461
" ta",3378
"ni ",3353
"naa",3264
"waa",3227
"gid",3217
" de",3188
"kko",3179
"asa",3172
" as",3161
"sha",3145
" ya",3133
"app",3063
" ma",3017
"gii",2996
"ala",2987
"saa",2985
"a m",2983
"is.",2960
"baa",2948
"ass",2926
"au ",2920
"ani",2916
"aar",2915
"yoo",2900
" in",2898
"ikk",2859
"ti ",2827
"shs",2821
"hsh",2821
"oss",2817
"di,",2794
"oog",2739
"ees",2737
"a b",2735
"eet",2731
"tid",2643
"nna",2640
"na.",2602
"enn",2585
"aas",2538
"eta",2534
"aap",2518
"agi",2470
"ish",2448
"Xoo",2441
"de7",2416
"ida",2389
"n, ",2384
"ona",2371
"dan",2312
" oo",2298
"a, ",2294
"i a",2278
"bba",2211
" qa",2211
"oot",2189
"aga",2179
"o, ",2140
"age",2125
"di ",2125
"uus",2114
"in ",2106
" Xo",2105
"oga",2072
"chc",2067
"hch",2067
"shi",2062
"ada",2028
"haa",2027
"nau",2022
"suu",2011
"sa ",2001
"a k",2000
"ya ",1996
"inn",1977
"a s",1951
"yyo",1949
"i b",1942
"ra ",1942
"ee ",1928
"esu",1926
"i i",1915
"a; ",1899
"aad",1895
"Yes",1891
"e7i",1891
"oso",1859
"akk",1851
" is",1845
"ka ",1844
" na",1823
"ubb",1822
" ub",1801
"doo",1783
"ati",1782
" ga",1782
" he",1780
"i h",1774
"da ",1771
"son",1770
"sai",1769
" sh",1758
"maa",1753
"mma",1751
"” y",1745
"a i",1743
"te ",1738
"att",1733
"ata",1729
"i g",1726
"s; ",1720
" ka",1716
"ott",1688
"a w",1685
"e a",1682
"tiy",1677
"siy",1676
" et",1670
"iid",1643
"ko,",1638
", “",1619
"daa",1581
"a d",1575
"ris",1570
"laa",1569
"a h",1568
" si",1568
"eti",1550
"man",1522
"a o",1519
"aba",1515
" Ye",1484
"yan",1468
" da",1464
"dos",1449
" bi",1441
" nu",1440
"ann",1431
"au,",1415
"u, ",1411
"tet",1400
"e g",1392
"ega",1387
"osa",1383
"gis",1376
"a e",1366
"ba ",1358
"giy",1345
" bo",1341
"do ",1333
" be",1331
"tto",1329
"i d",1318
" ne",1311
"een",1310
"iit",1305
"ais",1305
"o g",1304
"too",1301
"aat",1300
"ari",1300
" a ",1287
"7iy",1286
"itt",1276
"wod",1275
"a u",1266
"nan",1243
"ekk",1243
"oi ",1242
"ayy",1240
" er",1240
"ama",1237
" mi",1233
"a n",1222
"amm",1219
"hau",1208
"in,",1197
"ash",1194
"an,",1185
"dda",1185
"nee",1180
" ai",1178
"qas",1176
"yiy",1171
" ke",1171
"ita",1161
" aa",1159
"is;",1158
"hin",1153
"ite",1152
"imm",1136
"mmi",1135
"usi",1134
"n d",1130
" sa",1130
"a y",1129
"a7a",1129
"oon",1108
"aro",1093
"idd",1091
", h",1087
"a q",1084
"mal",1081
"na;",1075
"i e",1072
", i",1064
"ten",1063
"ena",1063
"ha ",1061
"tii",1060
"a t",1055
"i n",1053
"aal",1048
"oda",1042
"ddi",1039
"lla",1036
", a",1035
"o a",1027
"e h",1024
"ode",1021
"han",1005
"bai",1005
"iik",995
" xa",990
"hiy",989
"tam",986
"kki",986
"ban",983
" am",973
"raa",972
"eri",969
"ayi",966
"kee",949
"aay",944
"cha",942
"uyy",941
" ki",937
", n",936
"ndd",933
"e, ",931
" ge",930
"qaa",926
"ess",924
", t",917
"atu",913
"ro ",908
"SHi",901
"ant",900
"Hin",900
" im",900
"e b",896
"i o",892
"i k",892
"o w",884
"i t",882
"den",867
"aak",866
"hai",866
"lli",863
" at",858
"nch",855
"iri",853
"yid",849
"ko ",848
"oti",847
"he ",846
"dar",842
"tai",837
"tin",836
" gu",828
" yo",825
"qqi",821
"e d",820
"san",819
"i m",815
"es.",814
"uni",812
" qo",808
"oll",796
"wan",794
"uun",794
"7aa",792
"e s",791
"a x",788
"s. ",787
"a” ",784
"usa",781
"eyy",780
" ko",777
"bii",775
"heg",773
"a. ",772
"e i",770
"kii",768
"rat",768
"huw",767
"Taa",761
"awa",760
"all",760
"riy",759
"ggi",758
"qqa",755
"Heg",754
"i s",754
"bol",744
"qid",741
"nuu",739
"osi",738
"e k",737
" i ",727
"yii",727
"diy",726
"bee",725
"oge",721
"stt",720
"opp",719
"i w",713
"ate",712
"agg",709
" ye",706
"i u",706
"okk",703
"ist",700
" do",699
"nin",695
"eni",694
"chi",692
"a77",691
"Kir",683
"7an",680
"God",678
"hag",667
"be7",665
"; s",664
"aaf",663
"suw",654
"n h",648
"rai",647
"ide",643
" Ki",642
"kar",641
"ret",640
"i y",639
"Ais",638
"iyi",631
" me",631
"sii",630
"gal",630
"aa7",629
" oi",629
"sin",629
"rid",624
"uda",620
"aam",618
"asi",613
"n i",612
"e w",611
"gga",611
", b",611
"xaa",609
"utt",608
"la ",606
"say",606
"wot",604
"kat",604
"aaw",602
"har",602
" yi",598
"ura",596
"sat",594
"woo",593
"e n",591
"iqq",591
"aab",587
" ek",585
"i q",585
", X",585
"kke",579
"gan",579
"n a",576
"aiq",572
"ihu",571
"hud",571
"yyi",571
"gar",569
"ran",569
"niy",568
"hii",565
"kiy",561
"hat",560
"woi",558
"uma",557
"hid",556
"dhd",556
"hdh",556
" za",553
"u b",552
"iiq",551
"li ",549
"aa,",545
"ane",544
"liy",543
"e7a",543
"a A",542
" go",542
" Ai",540
"tey",538
"see",534
"oni",534
" pa",533
"ddo",532
"oba",531
" tu",531
"la,",530
"mid",529
"etu",529
"onc",528
"kan",527
"shk",525
"hkk",525
"tu ",518
"i X",514
"eli",513
"yya",513
"did",511
"ma ",510
"ere",510
"mat",509
"ach",508
"esh",508
"i x",508
"guy",507
"ain",505
"7ee",504
" Go",504
"o k",501
"uup",500
"koy",498
"gel",497
"ote",497
" az",496
"; q",494
"xee",494
"era",494
"rkk",494
" ku",491
"u d",489
"e t",485
"fai",485
"las",485
" hi",483
", e",481
"Qas",480
"te.",480
" hu",480
"uph",480
"sal",479
"huu",479
"and",478
"she",478
"mii",477
"aza",474
"e m",474
"lat",473
"sse",470
"a p",467
"i Y",466
"roo",466
"are",465
"es;",464
"; h",461
"ibe",460
"Aih",459
"de ",458
"iro",456
"anc",455
"o b",455
" xe",453
" wa",453
"Yaa",452
"o m",452
"bes",452
"de,",451
"rdd",451
" PH",449
"rss",449
"day",448
"dai",447
"dhi",447
"ich",445
"; a",441
"tum",441
"luw",441
"wol",441
"sid",440
" la",440
"“Ta",439
" mo",439
"hee",438
"n y",438
"gak",437
", Y",436
"e e",436
"77i",435
" so",432
"eel",429
"igg",426
"sa7",426
"u k",423
"mar",423
"e7e",422
"min",421
"gge",421
"nu ",420
"ee?",420
"ira",419
"odi",418
"ark",417
"lan",416
" su",416
"o77",416
"met",415
"afa",414
"moo",414
"tee",413
"e; ",413
"aye",413
"on ",413
"bon",411
"u a",409
"ila",406
"aqa",404
"ppi",403
"sso",401
", s",399
"let",398
"ill",398
"kid",398
"e u",397
"nni",397
"n t",396
"mis",395
"axa",392
"zaz",392
"yee",391
"ohu",391
"nab",390
"n e",390
"ota",387
"a Y",386
"s” ",385
"o i",385
"kaa",384
" od",383
"zan",381
"una",380
"zaa",379
"o y",379
"ai,",378
"n b",377
"e y",376
", '",376
"na7",375
"Int",375
"n g",374
"nag",373
"bag",372
"a X",372
"ngg",371
"oyi",370
"het",370
"aya",368
"ame",367
" “T",366
"unt",365
"7id",365
"wor",365
"xxi",365
"lqq",365
"na”",364
"tau",364
"oor",363
"ii?",362
"?” ",362
"upp",362
"yye",362
"qan",361
" ut",361
"eex",361
"o o",359
"nkk",358
"ase",353
"nen",353
"kaw",352
"77o",352
"u g",351
"ait",350
"soi",349
"si,",348
"te;",348
"kon",347
"e o",346
"se ",346
"e q",346
"i p",346
"eek",345
" pi",344
" lo",343
"awo",342
"ush",342
"Eti",341
"don",341
"adh",340
" ag",337
"olq",337
"shu",335
"dik",335
"o h",334
" xi",333
"n n",332
" du",331
"quw",331
", q",331
"ora",329
"ufa",329
"7ai",328
" ur",328
"bit",328
" ay",325
"to ",322
"ori",322
"ta.",322
"ina",321
"nai",321
"Hee",318
"qiy",317
"xal",317
"loo",316
"a l",316
" Ma",314
"lid",314
", w",314
"oo,",313
"i z",312
"hig",311
" uf",310
"ipp",310
"alu",309
"oom",308
"o s",307
"laq",306
"end",306
"det",305
"phi",305
"isa",303
"hal",303
"oob",302
" po",302
"sim",302
"n o",301
"77a",300
"woz",300
"ssu",299
"bab",299
"pir",298
"gin",297
"mer",296
"cca",295
"oza",295
"ha7",294
"ird",294
"ela",292
"7o ",292
"sip",292
" Na",291
"7u ",291
"He ",291
"onn",291
"lii",290
"miy",290
"ali",289
"add",289
"caa",288
"' y",287
"isi",286
"lo7",286
"uss",286
"a z",285
"ta,",284
"ato",284
"emm",283
"n w",283
" xo",282
"Ayy",281
" ii",281
"; i",280
"rsh",280
"abb",280
" “H",279
"Nuu",279
"n m",279
"sun",278
"nun",278
"oin",278
"nid",277
"77u",276
" ca",276
"bat",275
"kas",275
"hi ",275
"set",274
" Ay",273
"u h",273
"uut",273
"hen",272
"soo",270
"tup",269
"Na7",268
"Asa",268
"eer",268
"xoo",268
"n x",268
"qet",268
"n s",268
"ket",268
" Aa",268
"Aaw",268
"iqi",267
"mac",264
"ook",264
"lai",263
" Yo",262
"qop",262
"iqu",261
"ppu",261
" He",260
". A",260
"ulo",260
"phe",259
"PHa",259
"acc",258
"“Ha",258
"tuy",257
" “N",257
"aac",256
"xir",255
"en ",253
"eey",253
"a c",253
"ell",252
"ka,",250
"eqq",249
"bir",249
"Hau",249
"aul",249
"azi",248
"sau",248
"ttu",247
"o u",247
"n Y",247
"ree",246
"ars",246
"sho",246
"git",246
" to",245
"asu",244
"aik",244
". H",244
", k",244
"aaq",243
"dat",243
"o d",243
"qee",241
" Qa",241
"aif",240
"ete",239
"wai",239
"qoo",238
"sik",238
"u i",238
"PHe",238
"mi ",237
"exi",237
" ak",237
"ege",236
"Ta ",236
"aqi",235
"xay",235
"e x",234
"Nee",234
"oiq",234
"tik",234
"e7o",234
"ee,",232
"cci",232
"; t",231
"o t",231
", m",231
"Gee",230
"dee",230
", d",230
"xxa",230
"epp",229
"tat",229
"rot",229
"a' ",227
"dem",227
"ehi",227
"ese",226
" eq",226
"nis",226
"ukk",226
"7i ",226
"pit",225
", A",225
"i A",224
"soh",224
"lee",224
"uuy",224
"yet",223
"a N",222
"omm",221
"llo",221
"ixx",221
"as.",221
"mee",220
"osh",220
"uur",219
"biy",217
"da,",216
"get",216
"oit",216
"mil",216
"ti,",214
" Ge",213
"ncc",213
"ahe",213
"hir",213
"ima",212
" ix",212
"un ",212
"aa.",211
"o e",211
"ppa",211
"kus",211
". S",210
"n k",210
"osu",210
"max",209
"ank",209
"” g",208
"faa",207
"qat",207
"dii",207
"yen",207
"kes",206
"7uw",206
"a G",205
"goo",205
"esi",204
"; “",204
"eem",204
"tit",204
"re ",203
" ee",203
"u o",202
"hem",202
"e? ",202
"n q",201
"xil",200
"mpp",200
"sar",200
"e” ",199
"; n",199
"eha",199
"aax",198
"das",198
"yed",197
"u m",197
" Sa",195
"oha",195
"tab",195
"n X",195
"boo",194
"ram",194
"yel",193
"ta;",193
"n u",193
"nqq",193
"e X",193
"ong",193
" di",193
"aa;",193
"nuw",193
"pun",193
"keh",191
"dab",191
", g",190
"rgg",190
"a M",189
"oic",188
"Sim",188
" wu",188
"u s",187
"anu",187
"e p",187
"oli",187
"oo ",186
"pen",186
" qe",185
" og",185
"Yoh",184
"ent",184
"chu",184
"rin",184
"unn",184
", G",183
"amu",183
"tuw",183
"umm",183
"aib",183
"ho ",182
" mu",182
"tap",181
"i G",181
"o q",181
"sap",181
"ogi",180
" Ta",179
"ano",178
"fiy",178
"“Ne",178
" Ya",177
"has",177
"won",176
"imo",175
"7oo",175
"us ",174
"s K",174
"urs",174
"igi",173
" SH",173
". Q",173
"irs",173
"aha",172
"eez",172
"zar",171
"abi",171
"u q",170
" Be",170
"i? ",170
"Ha ",170
"; e",170
"din",170
"ami",169
"gi ",169
"ddu",169
"tuu",169
"is”",168
"ili",168
"Bee",167
"i P",167
"bay",166
", u",166
"aqq",166
"aun",166
"gai",165
" ci",164
"mu ",164
"poo",164
"e?”",164
"sa.",163
"ifi",163
" xu",163
"qai",162
"lle",162
"o x",161
"yai",161
"qof",161
" ab",161
" Is",160
"lah",160
"dum",160
"su.",159
"eru",159
"' g",159
"bau",159
"tus",159
"e Y",158
"rus",158
"ale",158
" “I",158
"oqq",158
" an",158
"Maq",158
"dob",158
"ero",157
"Yer",157
"i?”",157
"njj",157
"yik",157
"kok",157
"yay",156
"hoi",156
"ole",155
"qqu",155
"os.",155
"ele",154
"e. ",154
"hoo",154
"ule",154
" qu",153
"ofa",153
"dau",152
"pax",152
"ake",152
", P",152
", o",151
" Si",151
"axx",151
"u w",151
"ren",150
"iig",150
"xid",150
"iqo",150
"Hag",149
" ol",149
"zet",149
"tek",148
"ezz",148
"oo7",147
"ood",147
"es”",147
"kum",147
"gen",146
" eh",146
"koi",145
"abe",145
", x",145
"7ii",145
"rii",145
"uch",145
"mas",145
"yar",145
"emp",145
"ri ",144
"sa,",144
"esa",143
"qon",143
"u y",143
"edd",141
"ord",140
"bal",140
"afe",140
" “A",139
"fan",139
"aah",138
"one",137
"pol",137
"qqe",137
". Y",137
"odh",137
"mul",137
" zo",137
"men",136
"awe",136
"tun",136
"m77",136
"wur",136
"cho",136
" As",135
"a7e",135
"wau",135
"aze",135
"yoh",135
"te”",134
"xoq",134
"i l",134
"oik",134
"Iss",133
"; b",133
"xiy",133
"efi",132
"anq",132
"iil",132
"ors",132
"sqq",132
", K",132
"me ",131
"maq",131
"tad",131
"god",131
"e7u",131
"i K",130
" ti",130
"fet",130
"ini",129
"qii",129
"amo",129
" ce",129
"guu",128
" a,",128
"huc",127
"xa ",126
"qum",126
"nxx",126
"oir",125
"afi",125
"iba",125
"ool",125
"der",125
"ppo",125
"yeg",125
" ef",124
"e l",124
"so ",124
"ore",124
" Pa",123
"nik",123
"kos",123
"7ik",123
"php",122
"hph",122
"iyy",122
" us",122
"hac",122
"n P",122
"dde",121
"cim",121
". I",121
" au",121
"che",121
"sen",120
"lot",120
"egg",120
"duw",120
"o; ",120
" Yi",119
"xis",119
"eeg",119
"axi",119
"ibo",119
"tas",118
" “G",117
"ooy",117
"eeh",117
"'Ta",117
"ago",117
"zza",117
"oho",116
"i c",116
"bra",115
"sit",115
"xxe",115
" Ga",115
"anj",115
"e A",114
"goi",114
"ga ",114
" Ba",113
"aid",113
"o n",113
"mok",113
"ure",113
"“In",112
", y",112
"mit",112
"asq",112
"Yih",111
"qu ",111
"paa",111
"xan",111
"ola",111
"Muu",111
"tis",111
"nat",111
"Yoo",110
"lek",110
"mbb",110
" 'T",110
"ye ",110
"qax",110
"s' ",110
"cee",110
"l77",109
"wet",109
"ai?",109
"n p",109
"yo,",109
"tib",109
"zor",109
"xar",109
" Ha",108
". E",108
"Par",108
"sa;",108
", p",108
"net",108
" Da",107
"ggo",107
" bu",107
". T",107
"eeq",107
"afu",106
"lis",106
"u n",106
"oto",106
"iic",105
"mai",105
"qqo",105
"ciy",105
"na,",105
" Ab",104
"yuu",104
"zin",104
"ose",104
"aqe",104
"arg",104
"7it",104
" Et",103
"zzu",103
"use",103
"Abr",102
"rah",102
"sak",102
"ink",102
"; X",101
"sab",101
"pat",101
"mot",101
"mux",101
"e G",101
"eng",101
"kun",101
"nii",100
"ude",100
"umu",100
"xam",99
"o l",99
"u e",99
"o. ",99
"as;",99
" ze",98
"qal",98
"emi",98
" ar",97
"ife",97
"7en",97
"tak",97
"“Go",97
"qa ",96
"air",96
"olu",96
"n c",96
"gad",96
"i S",95
"iir",95
"loi",95
"oye",95
" uy",95
" le",95
"Isr",94
"sra",94
"yib",94
"Naa",94
"tes",94
" yu",94
"uyi",94
"jet",94
"ayo",94
"eto",94
"und",94
"oya",94
"Eta",94
"Sam",94
"PHi",94
"na'",93
"qoi",93
"jje",93
"qac",93
"zer",93
"u t",93
"o7a",92
"lo ",92
"bbi",92
"pe,",92
"bas",92
"ke.",92
"toh",92
"u x",92
"mmo",92
"7ob",92
"gat",92
"Gal",91
"; y",91
"iso",91
"yuw",91
"awi",90
"ooq",90
"och",90
"lin",90
"tep",90
" Mu",90
"Ne ",90
"umi",90
"!” ",90
"wat",90
"ail",90
"bi ",89
"fii",89
" aw",89
"qam",89
"ge ",89
"ken",89
"da.",88
"ayu",88
"aqo",87
"e z",87
", l",87
"fur",87
"e c",87
"muw",86
"auk",86
"ime",86
"had",86
" “X",85
"noo",85
"ne,",85
"ruw",85
"exx",85
"u G",85
"u u",85
"qar",85
"Daa",84
"eme",84
"rak",84
" al",84
"dor",84
". N",84
"ull",83
" pu",83
"ye?",83
"Ubb",83
"rqq",82
"usu",82
"ire",82
"ine",82
"7is",82
"axo",82
"7a ",81
"zid",81
" Wo",81
"o” ",81
"sxx",81
"dis",79
"e S",79
"77e",79
"edh",79
"tim",79
"n77",79
"amb",79
"pal",79
"Hil",79
"iti",78
"iin",78
"yit",78
" Gi",78
"u l",78
"dir",78
"oro",78
"ki ",78
"n l",78
"ont",78
"zu ",78
". X",78
"wit",77
"“Xo",77
"mme",77
"uge",77
"oma",77
"otu",77
"Tan",77
"a P",77
"o X",77
"oid",76
"kku",76
"“He",76
"dur",76
"ta”",76
"u X",76
"os ",76
"7oi",75
" In",75
"wa.",75
"; w",75
"Woi",75
"rtt",75
"am7",75
"kab",75
"iye",74
"Haa",74
"dig",74
"isu",74
"e P",73
"“Nu",73
"can",73
"a S",73
"dop",73
"cid",73
"lam",73
"a K",73
"s Y",73
"aaz",72
"aus",72
"a B",72
"xii",72
"bin",72
"noi",72
"irg",72
" pe",72
"wog",72
"Nu ",72
"iph",72
"ibi",72
" I ",71
"Saa",71
", S",71
"yis",71
" Pi",71
"ume",71
"xxo",71
"efa",70
" “Y",70
"zuw",70
"len",70
"bdd",70
"; k",70
"yau",70
"Tam",70
"eqe",70
"imi",69
"kad",69
"Be7",69
"icc",69
"puw",69
"kaq",69
"do7",69
"Mai",68
"abd",68
"xai",68
"ang",68
"izz",68
"zii",68
"pho",68
" Xi",68
"da;",67
" o ",67
"rad",67
"bei",67
"eik",67
"al7",67
"pid",67
"eki",67
"uri",67
"awu",66
"Han",66
"xin",66
"dad",66
"dha",66
"fee",66
"Har",66
"aiz",66
" Ne",66
"sa”",66
"ni,",66
"gon",66
"pek",66
"i B",65
" “B",65
"azz",65
"xuu",65
"iqa",65
"to,",65
"tay",65
"mir",65
"i M",64
", M",64
"; g",64
" zi",64
"aa”",64
"olw",64
"lwo",64
"go7",64
"cen",64
"wa;",64
"Pil",64
"n G",64
"wuw",63
"u p",63
"le ",63
"piy",63
"do.",63
"eef",62
"u; ",62
"kuw",62
"anx",62
"o7o",62
"top",62
"ko.",62
"; Y",61
"qi ",61
"obi",61
"xum",61
"; d",61
"in7",61
"Bar",61
"oop",61
"du ",61
"ggu",61
"skk",60
"alo",60
"jji",60
" co",60
"Qee",60
"n A",60
"ziy",59
"a7i",59
" af",59
"mor",59
"sib",59
" Nu",59
"rnn",59
"su;",58
"his",58
"o p",58
"Sa7",58
"sad",58
"ork",58
"dic",58
"ke;",58
"iqe",58
"kal",57
"; m",57
"oi,",57
"“SH",57
"qen",57
"cii",57
"os;",57
"enc",57
"gax",57
"a7o",57
"yi ",56
" Ka",56
"baq",56
" “S",56
"ede",56
"azu",56
"oqe",56
"Sal",55
"? A",55
"ugg",55
". B",55
"te,",55
"guj",55
", c",55
"eba",55
"med",55
"toi",54
"ogg",54
"la.",54
" Am",53
"e K",53
"yop",53
"gam",53
"n z",53
"“Ya",53
"es'",53
"fid",53
"hit",53
"irt",53
"Paa",52
"7au",52
"xe ",52
"uug",52
"ige",52
"bor",52
"Oon",52
"lad",52
"olo",51
"cis",51
"ra,",51
"boc",51
"aho",51
"o7u",51
"Dar",51
"cay",51
"ron",51
"lag",51
"cet",51
"tuk",51
"gau",51
"gur",51
"tot",51
"aru",50
"iim",50
" qi",50
"eec",50
"aa?",50
"ke ",50
"bbo",50
"qo ",50
"xet",49
"no ",49
"oyo",49
"car",49
"rcc",49
"gol",49
"oig",49
"lip",49
"eka",49
" li",49
"rib",49
"kin",49
"a7u",49
"Kaw",48
", z",48
"Bii",48
" 'N",48
"yin",48
" ap",48
"adi",48
"sas",48
"n K",48
". K",47
"“Ai",47
"fal",47
"ujj",47
"zzi",47
"kit",47
"Eri",47
" “E",47
"Ba ",47
"ye7",47
"nap",47
"Hai",47
"ome",47
"isx",47
"aso",46
"Maa",46
"isk",46
"aph",46
"exa",46
"uxa",46
"bak",46
"tud",46
"ace",46
"bul",46
"rik",46
"eda",45
", I",45
"“Sa",45
"Isi",45
"hu ",45
"gop",45
"nas",45
"sup",45
" cu",45
" ic",45
"ika",45
"eqa",45
"Oic",44
"orq",44
"om7",44
"? N",44
"oo?",44
"is'",44
"ke”",44
"pud",44
"? T",44
" A ",44
"7et",44
"e B",43
"ilo",43
"o Y",43
"adu",43
"mmu",43
"cuw",43
"ahu",43
"tok",43
"a!”",43
"lik",43
"Baa",42
"la;",42
"See",42
"rau",42
"pee",42
"o c",42
"? W",42
"Hig",42
"lac",42
"wa ",42
"moi",42
"Roo",42
", B",41
"imu",41
"got",41
"“Is",41
"I h",41
"dug",41
"oru",41
"som",41
"ooc",41
"ifa",41
" 'H",41
" Bi",41
"sis",41
"o z",41
"Ha7",41
"pan",41
"aci",41
"yas",41
"jju",41
"Dor",41
"eep",40
" Za",40
"Ami",40
"; A",40
" So",40
"omo",40
"fa ",40
" “D",40
"pa.",40
" Se",40
"SHa",40
"ito",40
"pa;",40
"ccu",40
"nak",40
"dit",40
"mel",40
"ene",40
"coo",40
"i Q",40
"qor",40
"mad",40
"fat",40
"arn",40
"eed",39
"i I",39
"xi ",39
"da”",39
"Gib",39
"ibx",39
"bxx",39
"as”",39
" 'G",39
"ohe",39
"azo",39
"uxi",39
"s g",39
"u A",39
"kai",39
"afo",39
"mak",39
"tur",39
"i” ",39
"bar",39
"cce",39
"ham",39
"o7i",39
"lkk",39
"bis",39
"o A",39
" Ub",39
"e D",38
"ado",38
"mo ",38
"pai",38
"“As",38
"ise",38
"Laa",38
"mol",38
"fe ",38
"qit",38
"? H",38
". G",38
" ho",38
"? I",38
" Ee",38
"cam",38
"eke",38
" ah",38
"gik",38
"nit",38
" Ro",37
"iiy",37
"aki",37
" Xa",37
"ka.",37
"a I",37
"baz",37
"kis",37
"ade",37
"oxx",37
"aud",37
"xub",37
"bet",37
"par",37
"?' ",37
"oca",37
"po.",37
"nad",36
"ma;",36
"sil",36
"ha.",36
"; o",36
" ir",36
"“I ",36
"qad",36
"sir",36
"kib",36
"rab",36
"qom",36
"dok",36
"Amm",36
"a! ",36
" An",36
"bil",35
"ema",35
"duu",35
"mib",35
", D",35
"alk",35
"qoh",35
" se",35
"uba",34
"iga",34
"u. ",34
"'Go",34
"e' ",34
"qol",34
" Qi",34
"koo",34
"uya",34
"jja",34
"'Ha",34
"qe ",34
"inj",34
". O",34
" Qe",34
"Won",34
" Qo",34
"oph",34
" Do",34
"a D",33
"dal",33
"ta'",33
", Q",33
"qin",33
"qil",33
" ac",33
"'Ne",33
"itu",33
"gor",33
"rok",33
"pin",33
"ajj",33
" ul",33
"Eel",33
"zai",33
"ko;",33
"wox",33
"urc",33
"cuk",33
"cad",33
"Kii",33
"pha",33
" ot",33
"ike",33
"kau",32
" Ar",32
"zir",32
"fin",32
"fir",32
"“Be",32
"uqq",32
"dhe",32
"? Q",32
"inq",32
"ii”",32
"dek",32
"“Ba",32
"woc",32
"os”",32
"kil",32
"I b",32
". M",32
"tor",32
"Mar",32
" om",31
"lbb",31
"lau",31
"yad",31
"oyy",31
"ogo",31
"onq",31
"zal",31
"u z",31
"bur",31
"iix",31
". D",31
"Xim",31
"Gir",31
"e M",30
" 'A",30
"yab",30
"ha;",30
"Nen",30
"qik",30
"; '",30
"xom",30
"yek",30
"cak",30
"7ad",30
"axe",30
"nno",30
"ino",30
"oki",30
"7i.",30
"i D",29
"udi",29
"eno",29
"Efi",29
"lit",29
"omp",29
"ben",29
"gun",29
"Lo7",29
"bbe",29
"ehe",29
"Soh",29
"teb",29
"ufu",29
"Guu",29
" “M",29
"bot",29
"fis",29
"Sil",29
"fi ",28
"i E",28
"oqi",28
"hib",28
"tal",28
" ik",28
"tar",28
"uuq",28
